Name of Covered Entity,State,Covered Entity Type,Individuals Affected,Breach Submission Date,Type of Breach,Location of Breached Information,Business Associate Present,Web Description
"Bayhealth Medical Center, Inc.",DE,Healthcare Provider,565,5/18/2021,Hacking/IT Incident,Network Server,Yes,
The Miriam Hospital,RI,Healthcare Provider,2999,5/17/2021,Unauthorized Access/Disclosure,Email,No,
"New England Dermatology, P.C.",MA,Healthcare Provider,58106,5/11/2021,Improper Disposal,Paper/Films,No,
Master Equity Texas Limited Partnership,TX,Healthcare Clearing House,1962,5/11/2021,Unauthorized Access/Disclosure,Email,No,
"Shands Teaching Hospitals and Clinics, Inc.",FL,Healthcare Provider,1562,5/7/2021,Unauthorized Access/Disclosure,Electronic Medical Record,No,
Exceltox Laboratories,CA,Healthcare Provider,4571,5/7/2021,Loss,Paper/Films,No,
Nocona General Hospital,TX,Healthcare Provider,3254,5/7/2021,Hacking/IT Incident,Network Server,No,
MidMichigan Health Services,MI,Healthcare Provider,2800,5/7/2021,Hacking/IT Incident,Network Server,Yes,
"Charles Cole Memorial Hospital, d/b/a UPMC Cole",PA,Healthcare Provider,7376,5/7/2021,Hacking/IT Incident,Network Server,Yes,
"Our Lady of Lourdes Memorial Hospital Inc.,",NY,Healthcare Provider,1745,5/7/2021,Hacking/IT Incident,Network Server,Yes,
St. Agnes Healthcare Inc.,MD,Healthcare Provider,2821,5/7/2021,Hacking/IT Incident,Network Server,Yes,
Ascension Standish Hospital,MI,Healthcare Provider,1705,5/7/2021,Hacking/IT Incident,Network Server,Yes,
Ascension St. Joseph Hospital,MI,Healthcare Provider,5807,5/7/2021,Hacking/IT Incident,Network Server,Yes,
Brownsville Community Health Center dba New Horizon Medical Center,TX,Healthcare Provider,4258,5/6/2021,Hacking/IT Incident,Network Server,Yes,
Tyler Family Circle of Care,TX,Healthcare Provider,1860,5/6/2021,Hacking/IT Incident,Network Server,Yes,
Implant and Prosthodontic Associates,OK,Healthcare Provider,6134,5/6/2021,Theft,Other Portable Electronic Device,No,
SummaCare,OH,Health Plan,5532,5/6/2021,Unauthorized Access/Disclosure,Paper/Films,Yes,
"NEC Networks, LLC d/b/a CaptureRx",TX,Business Associate,1656569,5/5/2021,Hacking/IT Incident,Network Server,Yes,
Orthopedic Associates of Dutchess County ,NY,Healthcare Provider,331376,5/4/2021,Hacking/IT Incident,Network Server,No,
Monadnock Community Hospital,NH,Healthcare Provider,14340,5/4/2021,Hacking/IT Incident,Network Server,Yes,
Arizona Asthma and Allergy Institute,AZ,Healthcare Provider,50000,5/3/2021,Hacking/IT Incident,Network Server,No,
Minimed Distribution Corp,CA,Healthcare Provider,1667,4/30/2021,Unauthorized Access/Disclosure,"Electronic Medical Record, Email, Laptop, Other Portable Electronic Device",No,
"LifeBridge Community Gastroenterology, LLC dba Woodholme Gastroenterology",MD,Healthcare Provider,50000,4/30/2021,Hacking/IT Incident,Network Server,No,
Achievement Center of LECOM Health,PA,Healthcare Provider,1671,4/30/2021,Hacking/IT Incident,Email,No,
"St. John's Well Child and Family Center, Inc. ",CA,Healthcare Provider,29030,4/29/2021,Hacking/IT Incident,Network Server,No,
Wyoming Department of Health,WY,Health Plan,164010,4/29/2021,Unauthorized Access/Disclosure,Network Server,No,
Boston Children’s Hospital,MA,Healthcare Provider,506,4/29/2021,Hacking/IT Incident,Email,No,
Hand to Shoulder Specialists of Wisconsin Ltd.,WI,Healthcare Provider,39317,4/28/2021,Hacking/IT Incident,Network Server,No,
NPS Corporation,WI,Health Plan,999,4/28/2021,Hacking/IT Incident,Network Server,No,
Werner Electric Supply,WI,Health Plan,720,4/28/2021,Hacking/IT Incident,Network Server,No,
"Middletown Ventures Associates, LLC, d/b/a Middletown Medical Imaging",FL,Healthcare Provider,29945,4/28/2021,Hacking/IT Incident,"Electronic Medical Record, Network Server",No,
"Thrifty Drug Stores, Inc.",MN,Healthcare Provider,3958,4/28/2021,Hacking/IT Incident,Network Server,Yes,
"SEES Group, LLC",TN,Healthcare Provider,3797,4/27/2021,Hacking/IT Incident,Email,No,
Peak Vista Community Health Centers,CO,Healthcare Provider,3118,4/26/2021,Theft,Desktop Computer,No,
Faxton St. Luke's Healthcare,NY,Healthcare Provider,17656,4/26/2021,Hacking/IT Incident,Network Server,Yes,
Doctors Medical Center of Modesto,CA,Healthcare Provider,1259,4/23/2021,Unauthorized Access/Disclosure,Network Server,Yes,
"Allergy Partners, PLLC",NC,Healthcare Provider,1087,4/23/2021,Hacking/IT Incident,Network Server,No,
Jackson County Health Dept,IL,Healthcare Provider,1800,4/23/2021,Unauthorized Access/Disclosure,Email,No,
Gifford Health Care,VT,Healthcare Provider,6777,4/23/2021,Hacking/IT Incident,Network Server,Yes,
Entrust Medical Billing ,OH,Healthcare Provider,5426,4/22/2021,Hacking/IT Incident,Network Server,No,
Pediatric Associates of Milwaukee,WI,Healthcare Provider,8160,4/22/2021,Hacking/IT Incident,Network Server,No,
Gyrodata Incorporated,TX,Health Plan,944,4/22/2021,Hacking/IT Incident,Network Server,No,
Sapphire Community Health,MT,Healthcare Provider,4000,4/21/2021,Hacking/IT Incident,Network Server,No,
Presbyterian Medical Services,NM,Healthcare Provider,536,4/21/2021,Loss,Other,No,
"Center for Disease Detection, LLC",TX,Healthcare Provider,2436,4/21/2021,Unauthorized Access/Disclosure,Email,No,
Baptist Health Arkansas,AR,Healthcare Provider,16765,4/21/2021,Hacking/IT Incident,Network Server,Yes,
"Health Aid of Ohio, Inc.",OH,Healthcare Provider,141149,4/20/2021,Hacking/IT Incident,Network Server,No,
Huggins Hospital ,NH,Healthcare Provider,3616,4/19/2021,Unauthorized Access/Disclosure,Network Server,Yes,
"Kanan Medical, L.L.C",FL,Healthcare Provider,823,4/19/2021,Unauthorized Access/Disclosure,"Electronic Medical Record, Laptop, Network Server",No,
Urgent HomeMD,TX,Healthcare Provider,615,4/19/2021,Hacking/IT Incident,Email,No,
"Virtua Health, Inc. ",NJ,Business Associate,2704,4/16/2021,Unauthorized Access/Disclosure,Paper/Films,Yes,
Texas MedClinic,TX,Healthcare Provider,6638,4/16/2021,Unauthorized Access/Disclosure,Other Portable Electronic Device,No,
"ElderServe Health, Inc. dba RiverSpring Health Plans",NY,Health Plan,31195,4/16/2021,Hacking/IT Incident,Email,No,
MailMyPrescriptions.com Pharmacy Corporation,FL,Healthcare Provider,24037,4/16/2021,Hacking/IT Incident,Email,No,
North Country Hospital,VT,Healthcare Provider,1905,4/16/2021,Hacking/IT Incident,Network Server,Yes,
Chautauqua County,NY,Healthcare Provider,537,4/16/2021,Unauthorized Access/Disclosure,Email,No,
Eastern Shore Rural Health System Inc.,VA,Healthcare Provider,23282,4/16/2021,Unauthorized Access/Disclosure,Network Server,Yes,
"Unlimited Medical Services of Florida, LLC  DBA DNF Medical Centers",FL,Healthcare Provider,846,4/15/2021,Theft,Other,No,
Sterling Area Health Center,MI,Healthcare Provider,3347,4/15/2021,Hacking/IT Incident,Network Server,Yes,
Neighborhood Healthcare,CA,Healthcare Provider,45200,4/14/2021,Hacking/IT Incident,Network Server,Yes,
Montefiore Medical Center ,NY,Healthcare Provider,943,4/13/2021,Unauthorized Access/Disclosure,Electronic Medical Record,No,
"Midwest Transplant Network, Inc.  ",KS,Healthcare Provider,17580,4/12/2021,Hacking/IT Incident,Network Server,No,
Regence,OR,Health Plan,803,4/12/2021,Hacking/IT Incident,Email,Yes,
"HME Specialists, LLC dba Home Medical Equipment Holdco, LLC",NM,Healthcare Provider,153013,4/9/2021,Hacking/IT Incident,Email,No,
Crystal Lake Clinic PC,MI,Healthcare Provider,37331,4/9/2021,Hacking/IT Incident,Network Server,No,
"Harbor Health Services, Inc.",MA,Healthcare Provider,901,4/9/2021,Hacking/IT Incident,Network Server,Yes,
Health Center Partners of Southern California,CA,Business Associate,293516,4/9/2021,Hacking/IT Incident,Network Server,Yes,
Cadence Aerospace,CA,Health Plan,747,4/8/2021,Hacking/IT Incident,Network Server,No,
University Health ,TX,Healthcare Provider,2704,4/8/2021,Unauthorized Access/Disclosure,Network Server,Yes,
Harrington Physician Services,MA,Healthcare Provider,4393,4/8/2021,Unauthorized Access/Disclosure,Network Server,No,
Aloha Practice Management LLC,CA,Business Associate,3835,4/7/2021,Hacking/IT Incident,Network Server,Yes,
"Winona Agency, Inc.",MN,Business Associate,4834,4/6/2021,Hacking/IT Incident,Email,Yes,
"Maestro Health, LLC",IL,Business Associate,2016,4/6/2021,Hacking/IT Incident,Email,Yes,
Maritz Holdings Inc.,MO,Health Plan,1298,4/6/2021,Unauthorized Access/Disclosure,Email,No,
Atlanta Allergy & Asthma,GA,Healthcare Provider,9851,4/5/2021,Hacking/IT Incident,Network Server,No,
"Administrative Advantage, LLC",GA,Business Associate,4852,4/5/2021,Unauthorized Access/Disclosure,Email,Yes,
Trinity Health,MI,Business Associate,586869,4/5/2021,Hacking/IT Incident,Network Server,Yes,
Total Health Care Inc.,MI,Health Plan,221454,4/5/2021,Hacking/IT Incident,Email,No,
Southern Orthopaedic Surgeons ,AL,Healthcare Provider,501,4/5/2021,Hacking/IT Incident,Email,No,
Bricker & Eckler LLP,OH,Business Associate,420532,4/2/2021,Hacking/IT Incident,Network Server,Yes,
Cornerstone Municipal Advisory Group LLC dba Manquen Vance,MI,Business Associate,7018,4/2/2021,Hacking/IT Incident,Email,Yes,
Belden Inc.,MO,Health Plan,6348,4/2/2021,Hacking/IT Incident,Network Server,No,
Squirrel Hill Health Center,PA,Healthcare Provider,23869,4/2/2021,Hacking/IT Incident,Network Server,No,
Fort HealthCare Inc.,WI,Healthcare Provider,784,4/1/2021,Hacking/IT Incident,"Network Server, Other",Yes,
Med-Data Incorporated,TX,Business Associate,135908,4/1/2021,Unauthorized Access/Disclosure,Other,Yes,
Health Prime International ,MD,Business Associate,17562,3/31/2021,Hacking/IT Incident,Network Server,Yes,
University Medical Center Southern Nevada,NV,Healthcare Provider,1833,3/31/2021,Unauthorized Access/Disclosure,Network Server,Yes,
Memorial Hermann Health System,TX,Healthcare Provider,1893,3/31/2021,Unauthorized Access/Disclosure,Other,Yes,
Memorial Sloan Kettering Cancer Center,NY,Healthcare Provider,18913,3/31/2021,Unauthorized Access/Disclosure,Network Server,Yes,
"Three Lower Counties Community Services, Inc. d/b/a Chesapeake Health Care",MD,Healthcare Provider,2505,3/31/2021,Unauthorized Access/Disclosure,Other Portable Electronic Device,No,
Epilepsy Florida,FL,Healthcare Provider,1832,3/30/2021,Hacking/IT Incident,Other,Yes,
"La Clinica de La Raza, Inc. (La Clinica)",CA,Healthcare Provider,31132,3/29/2021,Hacking/IT Incident,Network Server,No,
Midland Care Connection Inc,KS,Healthcare Provider,1364,3/29/2021,Hacking/IT Incident,Network Server,Yes,
"Proteus Molecular and Clinical Lab, LLC",AL,Healthcare Provider,670,3/29/2021,Unauthorized Access/Disclosure,Email,No,
Apple Valley Clinic,MN,Healthcare Provider,157939,3/26/2021,Hacking/IT Incident,Network Server,Yes,
BioTel Heart,PA,Healthcare Provider,38575,3/26/2021,Hacking/IT Incident,Network Server,Yes,
"Healthgrades Operating Company, Inc.",GA,Business Associate,35485,3/26/2021,Hacking/IT Incident,Network Server,Yes,
Personal Touch Holding Corp.,NY,Business Associate,753107,3/26/2021,Hacking/IT Incident,Network Server,Yes,
"Trusted Health Plans, Inc.",DC,Health Plan,200665,3/26/2021,Hacking/IT Incident,Network Server,No,
Health Net of California,CA,Health Plan,523709,3/25/2021,Hacking/IT Incident,Network Server,Yes,
Health Net Life Insurance Company,CA,Health Plan,26637,3/25/2021,Hacking/IT Incident,Network Server,Yes,
Health Net Community Solutions,CA,Health Plan,686556,3/25/2021,Hacking/IT Incident,Network Server,Yes,
CalViva Health,CA,Health Plan,15287,3/25/2021,Hacking/IT Incident,Network Server,Yes,
California Health & Wellness,CA,Health Plan,80138,3/25/2021,Hacking/IT Incident,Network Server,Yes,
The Centers for Advanced Orthopaedics,MD,Healthcare Provider,125291,3/25/2021,Hacking/IT Incident,Email,No,
Citywide Health Plan,UT,Health Plan,3321,3/24/2021,Hacking/IT Incident,Network Server,No,
"Solis Health Plans, Inc.",FL,Health Plan,2649,3/24/2021,Hacking/IT Incident,Network Server,Yes,
Mott Community College,MI,Health Plan,1612,3/24/2021,Hacking/IT Incident,Network Server,No,
Haven Behavioral Healthcare,TN,Business Associate,21714,3/23/2021,Hacking/IT Incident,Network Server,Yes,
Dallas County Hospital District d/b/a Parkland Health & Hospital System,TX,Healthcare Provider,1594,3/23/2021,Unauthorized Access/Disclosure,Email,No,
University of Miami,FL,Healthcare Provider,500,3/23/2021,Hacking/IT Incident,Other,No,
Reliant Rehabilitation,TX,Business Associate,614,3/22/2021,Hacking/IT Incident,Email,Yes,
Illinois Department of Healthcare and Family Services ,IL,Health Plan,8848,3/22/2021,Unauthorized Access/Disclosure,Paper/Films,No,
"River City Whole Health, Ltd.",MT,Healthcare Provider,2714,3/20/2021,Unauthorized Access/Disclosure,"Electronic Medical Record, Laptop, Paper/Films",No,
Victor Community Support Services,CA,Business Associate,1634,3/19/2021,Theft,Other Portable Electronic Device,Yes,
Insulet Corporation,MA,Healthcare Provider,9050,3/19/2021,Hacking/IT Incident,Network Server,Yes,
Cancer Treatment Centers of America at Midwestern Regional Medical Center,IL,Healthcare Provider,104808,3/19/2021,Hacking/IT Incident,Email,No,
SalusCare,FL,Healthcare Provider,85000,3/19/2021,Hacking/IT Incident,Email,No,
Total Life Healthcare,AR,Healthcare Provider,528,3/19/2021,Hacking/IT Incident,Network Server,Yes,
Brandman Centers for Senior Care,CA,Health Plan,522,3/18/2021,Hacking/IT Incident,Network Server,Yes,
"Florida PACE Centers, Inc",FL,Health Plan,1502,3/18/2021,Unauthorized Access/Disclosure,Network Server,Yes,
Villa of Hope,NY,Healthcare Provider,2410,3/18/2021,Hacking/IT Incident,Network Server,No,
West Virginia Senior Advantage,WV,Health Plan,1049,3/18/2021,Hacking/IT Incident,Network Server,Yes,
Stavros Center for Independent Living Inc.,MA,Healthcare Provider,2447,3/18/2021,Unauthorized Access/Disclosure,Other,No,
California Department of State Hospitals,CA,Healthcare Provider,4933,3/17/2021,Unauthorized Access/Disclosure,Network Server,No,
"Sleep Medicine Associates of Texas, P.A.",TX,Healthcare Provider,994,3/17/2021,Unauthorized Access/Disclosure,Paper/Films,No,
"Hoyman Hong, M.D. A Prof Med Corp",CA,Healthcare Provider,600,3/17/2021,Unauthorized Access/Disclosure,Email,No,
VNA Home Health and Hospice,MO,Healthcare Provider,517,3/17/2021,Unauthorized Access/Disclosure,Email,No,
Serenity Care PACE,MA,Healthcare Provider,658,3/16/2021,Unauthorized Access/Disclosure,"Network Server, Other",Yes,
North Oaks Health System,LA,Healthcare Provider,642,3/16/2021,Hacking/IT Incident,Network Server,Yes,
"Colorado Retina Associates, P.C.",CO,Healthcare Provider,26609,3/12/2021,Hacking/IT Incident,Email,No,
Walworth County Department of Health and Human Services,WI,Healthcare Provider,907,3/12/2021,Unauthorized Access/Disclosure,Email,No,
"Sandhills Medical Foundation, Inc.",SC,Healthcare Provider,39602,3/12/2021,Hacking/IT Incident,Network Server,Yes,
Mobile Anesthesiologists ,IL,Healthcare Provider,65403,3/10/2021,Hacking/IT Incident,Network Server,No,
Assistcare Home Health Services LLC dba Preferred Home Care of NY/Preferred Gold,NY,Healthcare Provider,57345,3/10/2021,Hacking/IT Incident,Network Server,No,
"The New London Hospital Association, Inc.",NH,Healthcare Provider,34878,3/9/2021,Hacking/IT Incident,Network Server,No,
Miracle-Ear,CA,Healthcare Provider,500,3/5/2021,Theft,Paper/Films,No,
"Child Focus, Inc.",OH,Healthcare Provider,2716,3/5/2021,Hacking/IT Incident,"Laptop, Network Server",No,
"The Board of Trustees of Southern Illinois University, for and on behalf of its School of Medicine, and SIU Physicians & Surgeons, Inc. ",IL,Healthcare Provider,40330,3/5/2021,Hacking/IT Incident,Network Server,No,
Dyras Dental,MI,Healthcare Provider,2745,3/5/2021,Hacking/IT Incident,Network Server,No,
"Arizona Oncology Associates, PC",AZ,Healthcare Provider,717,3/5/2021,Loss,Paper/Films,No,
Walmart Inc.,AR,Healthcare Provider,2067,3/5/2021,Hacking/IT Incident,Network Server,Yes,
Woodcreek Provider Services LLC,WA,Business Associate,207000,3/5/2021,Hacking/IT Incident,Network Server,Yes,
UPMC St. Margaret ,PA,Healthcare Provider,11135,3/5/2021,Unauthorized Access/Disclosure,Other,No,
"ProPath Services, LLC",TX,Healthcare Provider,39213,3/4/2021,Hacking/IT Incident,Email,No,
Saint Alphonsus Health System,ID,Healthcare Provider,134906,3/4/2021,Hacking/IT Incident,Email,No,
Trillium Community Health Plan,OR,Health Plan,50000,3/3/2021,Hacking/IT Incident,Network Server,Yes,
Family Health Services MN d/b/a Entira Family Clinics,MN,Healthcare Provider,1975,3/2/2021,Hacking/IT Incident,Network Server,No,
PeakTPA,MO,Business Associate,50000,3/2/2021,Hacking/IT Incident,Network Server,Yes,
Arizona Complete Health,AZ,Health Plan,27390,3/2/2021,Hacking/IT Incident,Network Server,Yes,
"Liberation Programs, Inc",CT,Healthcare Provider,7406,3/2/2021,Hacking/IT Incident,Electronic Medical Record,No,
"New Bedford Jewish Convalescent Home, Inc.",MA,Healthcare Provider,873,3/2/2021,Hacking/IT Incident,Network Server,No,
"ProComp Software Consultants, Inc.",OH,Business Associate,1008,3/2/2021,Hacking/IT Incident,Network Server,Yes,
Geisinger Health Plan,PA,Health Plan,2872,2/28/2021,Unauthorized Access/Disclosure,Paper/Films,No,
The SurgiCare Center of Utah,UT,Healthcare Provider,8675,2/26/2021,Hacking/IT Incident,Network Server,No,
Jewish Home Lifecare d/b/a The New Jewish Home,NY,Healthcare Provider,2091,2/26/2021,Hacking/IT Incident,Email,No,
"AllyAlign Health, Inc.",VA,Health Plan,33932,2/26/2021,Hacking/IT Incident,Network Server,No,
Santa Rosa Community Health Centers,CA,Healthcare Provider,5983,2/26/2021,Hacking/IT Incident,Email,No,
Clovis Community Medical Center,CA,Healthcare Provider,994,2/26/2021,Unauthorized Access/Disclosure,Email,No,
"Volunteer State Health Plan, Inc. d/b/a BlueCare Tennessee",TN,Business Associate,1435,2/26/2021,Unauthorized Access/Disclosure,Other,Yes,
Summit Behavioral Healthcare,TN,Healthcare Provider,70822,2/26/2021,Unauthorized Access/Disclosure,Email,No,
"Cornerstone Care, Inc.",PA,Healthcare Provider,11487,2/25/2021,Hacking/IT Incident,Email,No,
"InfuSystem Holdings, Inc.",MI,Business Associate,675,2/25/2021,Hacking/IT Incident,Email,Yes,
New Directions Youth & Family Services,NY,Healthcare Provider,941,2/24/2021,Hacking/IT Incident,Network Server,Yes,
"BW Homecare Holdings, LLC, in its capacity as the parent corporation of the Elara Caring single affiliated covered entity",TX,Healthcare Provider,100487,2/24/2021,Hacking/IT Incident,Email,No,
Campbell County Hospital District,WY,Healthcare Provider,900,2/24/2021,Unauthorized Access/Disclosure,Email,No,
"Kaiser Foundation Hospitals, Northern California",CA,Healthcare Provider,2121,2/23/2021,Unauthorized Access/Disclosure,Electronic Medical Record,No,
Orlando Health South Lake Hospital ,FL,Healthcare Provider,1673,2/23/2021,Loss,Paper/Films,No,
Jacobson Memorial Hospital Care Center,ND,Healthcare Provider,1545,2/23/2021,Hacking/IT Incident,Email,No,
Humana Inc,KY,Health Plan,62950,2/22/2021,Unauthorized Access/Disclosure,Network Server,Yes,
"Southeastern Minnesota Center for Independent Living, Inc. (""SEMCIL"")",MN,Healthcare Provider,4122,2/19/2021,Hacking/IT Incident,Email,No,
The Kroger Co. ,OH,Healthcare Provider,1474284,2/19/2021,Hacking/IT Incident,Network Server,No,
Miracle - Ear,CA,Healthcare Provider,900,2/19/2021,Theft,Paper/Films,No,
Miracle - Ear,CA,Healthcare Provider,1200,2/19/2021,Theft,Paper/Films,No,
Covenant HealthCare,MI,Healthcare Provider,47178,2/19/2021,Hacking/IT Incident,Email,No,
"Rainbow Rehabilitation Centers, Inc",MI,Healthcare Provider,1749,2/19/2021,Hacking/IT Incident,Email,No,
Andor Lab,NC,Healthcare Provider,500,2/19/2021,Hacking/IT Incident,Network Server,No,
Project Vida Health Center,TX,Healthcare Provider,4500,2/19/2021,Hacking/IT Incident,Network Server,No,
"Fisher Titus Health, Inc.",OH,Health Plan,49636,2/18/2021,Hacking/IT Incident,Email,No,
Steward West Division – AR/LA/TX ACE,TX,Healthcare Provider,877,2/16/2021,Unauthorized Access/Disclosure,Electronic Medical Record,No,
RF EYE PC dba Cochise Eye and Laser,AZ,Healthcare Provider,100000,2/12/2021,Hacking/IT Incident,Network Server,No,
"Bowling Green Inn of Pensacola, LLC  DBA Twelve Oaks Recovery",FL,Healthcare Provider,9023,2/12/2021,Hacking/IT Incident,Network Server,No,
Grand River Medical Group,IA,Healthcare Provider,34000,2/12/2021,Hacking/IT Incident,Desktop Computer,No,
Hope Healthcare Service,FL,Healthcare Provider,1152,2/11/2021,Hacking/IT Incident,Network Server,No,
Pitkin County,CO,Healthcare Provider,1454,2/9/2021,Unauthorized Access/Disclosure,Other,No,
Piedmont Health Services ,NC,Healthcare Provider,677,2/9/2021,Hacking/IT Incident,Network Server,Yes,
Pennsylvania Adult & Teen Challenge ,PA,Healthcare Provider,7771,2/9/2021,Hacking/IT Incident,Email,No,
HARVARD EYE ASSOCIATES,CA,Business Associate,29982,2/8/2021,Hacking/IT Incident,Other,Yes,
"Gore Medical Management, LLC",GA,Healthcare Provider,79100,2/8/2021,Hacking/IT Incident,Desktop Computer,No,
Hackley Community Care Center,MI,Healthcare Provider,2644,2/8/2021,Hacking/IT Incident,Email,No,
"Nevada Health Centers, Inc.",NV,Healthcare Provider,6709,2/5/2021,Hacking/IT Incident,Email,No,
UPMC,PA,Healthcare Provider,36086,2/5/2021,Hacking/IT Incident,Email,Yes,
UT Southwestern Medical Center,TX,Healthcare Provider,3640,2/5/2021,Unauthorized Access/Disclosure,Other,No,
UPMC Health Plan ,PA,Health Plan,19000,2/5/2021,Hacking/IT Incident,Email,No,
Granite Wellness Centers,CA,Healthcare Provider,15600,2/4/2021,Hacking/IT Incident,Network Server,No,
"Texas Spine Consultants, LLP",TX,Healthcare Provider,25728,2/3/2021,Unauthorized Access/Disclosure,Network Server,No,
"DataLogic Software, Inc. ",TX,Business Associate,7200,2/3/2021,Hacking/IT Incident,Network Server,Yes,
Fairfax County Public Schools' Health Plan,VA,Business Associate,11056,2/2/2021,Hacking/IT Incident,Email,Yes,
Nevada Orthopedic & Spine Center,NV,Healthcare Provider,50000,2/1/2021,Hacking/IT Incident,Network Server,Yes,
Lake Charles Memorial Health System,LA,Healthcare Provider,3802,2/1/2021,Hacking/IT Incident,"Desktop Computer, Email",Yes,
"The House Next Door, Inc.",FL,Healthcare Provider,6000,2/1/2021,Hacking/IT Incident,Email,No,
montefiore Medical Center ,NY,Healthcare Provider,1787,1/29/2021,Unauthorized Access/Disclosure,Electronic Medical Record,No,
Florida Healthy Kids Corporation,FL,Health Plan,3500000,1/29/2021,Hacking/IT Incident,Network Server,Yes,
Bethesda Hospital ,FL,Healthcare Provider,9148,1/29/2021,Unauthorized Access/Disclosure,Electronic Medical Record,No,
Leonard J. Chabert Medical Center,LA,Healthcare Provider,2254,1/29/2021,Hacking/IT Incident,Email,Yes,
A Renewed Mind,OH,Healthcare Provider,2428,1/29/2021,Hacking/IT Incident,Email,No,
County of Ramsey,MN,Healthcare Provider,8687,1/29/2021,Hacking/IT Incident,Network Server,Yes,
"Prime Therapeutics, LLC",MN,Business Associate,1863,1/28/2021,Unauthorized Access/Disclosure,Paper/Films,Yes,
The Richards Group,VT,Business Associate,15429,1/28/2021,Hacking/IT Incident,Email,Yes,
Austin Hearing Services,TX,Healthcare Provider,600,1/23/2021,Unauthorized Access/Disclosure,Email,No,
Florida Hospital Physician Group Inc.,FL,Healthcare Provider,13759,1/22/2021,Hacking/IT Incident,Electronic Medical Record,No,
Inova Health System,VA,Healthcare Provider,1680,1/22/2021,Unauthorized Access/Disclosure,Email,No,
"Lynn Community Health, Incorporated",MA,Healthcare Provider,1800,1/22/2021,Hacking/IT Incident,Email,No,
Merrill Iron & Steel Health Benefit Plan,WI,Health Plan,899,1/21/2021,Hacking/IT Incident,Network Server,No,
"Paraquad, Inc.",MO,Healthcare Provider,648,1/21/2021,Hacking/IT Incident,Network Server,Yes,
"Limeade, Inc.",WA,Business Associate,668,1/20/2021,Unauthorized Access/Disclosure,Network Server,Yes,
Krapf Group,PA,Health Plan,610,1/19/2021,Hacking/IT Incident,Network Server,No,
Hendrick Health,TX,Healthcare Provider,640436,1/15/2021,Hacking/IT Incident,Network Server,No,
"Montgomery Hospice, Inc.",MD,Healthcare Provider,1440,1/15/2021,Hacking/IT Incident,Email,No,
Froedtert Health,WI,Healthcare Provider,760,1/15/2021,Unauthorized Access/Disclosure,Electronic Medical Record,No,
Wisconsin Department of Health Services,WI,Health Plan,1281,1/15/2021,Unauthorized Access/Disclosure,Network Server,Yes,
Center for Alternative Sentencing and Employment Services ,NY,Healthcare Provider,3994,1/15/2021,Hacking/IT Incident,Email,No,
Precision Spine Care,TX,Healthcare Provider,20787,1/12/2021,Hacking/IT Incident,Email,No,
Greater New Bedford Community Health Center,MA,Healthcare Provider,696,1/12/2021,Hacking/IT Incident,Email,Yes,
WeCare TLC,FL,Healthcare Provider,2340,1/12/2021,Loss,Laptop,No,
"KR Perio, Katherine Rodriguez, DMD",FL,Healthcare Provider,500,1/11/2021,Hacking/IT Incident,"Desktop Computer, Network Server",No,
Jefferson Healthcare,WA,Healthcare Provider,2543,1/11/2021,Hacking/IT Incident,Email,No,
Feeling Great Sleep Medical Centers,NC,Healthcare Provider,5000,1/9/2021,Unauthorized Access/Disclosure,"Desktop Computer, Electronic Medical Record, Network Server",No,
"Leon Medical Centers, LLC",FL,Healthcare Provider,76661,1/8/2021,Hacking/IT Incident,Network Server,No,
Roper St. Francis Healthcare,SC,Healthcare Provider,189761,1/8/2021,Hacking/IT Incident,Email,No,
"American Anesthesiology, Inc.",NY,Healthcare Provider,1269074,1/8/2021,Hacking/IT Incident,Email,Yes,
Managed Health Services (MHS),IN,Health Plan,11988,1/8/2021,Unauthorized Access/Disclosure,Paper/Films,Yes,
Walgreen Co.,IL,Healthcare Provider,16089,1/8/2021,Unauthorized Access/Disclosure,Email,No,
Louisiana State University-Health Care Services Division,LA,Business Associate,8085,1/7/2021,Hacking/IT Incident,Email,Yes,
Gastroenterology Consultants Ltd,NV,Healthcare Provider,2500,1/6/2021,Hacking/IT Incident,Network Server,No,
Desert Oasis Healthcare,CA,Healthcare Provider,1122,1/4/2021,Unauthorized Access/Disclosure,Other,No,
South Country Health Alliance ,MN,Health Plan,66874,12/31/2020,Hacking/IT Incident,Email,No,
"Apex Laboratory, Inc. ",NY,Healthcare Provider,7102,12/31/2020,Hacking/IT Incident,Network Server,No,
REEF Global Inc. ,FL,Health Plan,3951,12/31/2020,Hacking/IT Incident,Network Server,No,
Mattapan Community Health Center,MA,Healthcare Provider,4075,12/31/2020,Hacking/IT Incident,Email,No,
"Prestera Center for Mental Health Services, Inc.",WV,Healthcare Provider,3708,12/31/2020,Hacking/IT Incident,Email,No,
"Simpson Senior Services, Inc.",PA,Healthcare Provider,3259,12/31/2020,Hacking/IT Incident,Email,No,
Workplace Vitality Inc. (“Workplace Vitality”),NY,Healthcare Provider,2850,12/31/2020,Hacking/IT Incident,Email,No,
"Home State Health Plan, Inc.",MO,Health Plan,1020,12/30/2020,Unauthorized Access/Disclosure,Paper/Films,Yes,
Peach State Health Plan,GA,Health Plan,3443,12/30/2020,Unauthorized Access/Disclosure,Paper/Films,Yes,
Ambetter for Arizona Complete Health,AZ,Health Plan,518,12/29/2020,Unauthorized Access/Disclosure,Paper/Films,Yes,
Superior HealthPlan,TX,Health Plan,3748,12/29/2020,Unauthorized Access/Disclosure,Paper/Films,Yes,
Buckeye Health Plan,OH,Health Plan,606,12/29/2020,Unauthorized Access/Disclosure,Paper/Films,Yes,
Sunshine State Health Plan,FL,Health Plan,3429,12/29/2020,Unauthorized Access/Disclosure,Paper/Films,Yes,
Beebe Medical Foundation,DE,Healthcare Provider,56953,12/28/2020,Hacking/IT Incident,Network Server,Yes,
"Total Vision, LLC",CA,Business Associate,138402,12/28/2020,Hacking/IT Incident,Network Server,Yes,
"Community Health Resources, Inc",CT,Healthcare Provider,1634,12/28/2020,Unauthorized Access/Disclosure,Email,No,
"AllCare Health, Inc.",OR,Health Plan,5793,12/28/2020,Hacking/IT Incident,Network Server,Yes,
Magnolia Health Plan,MS,Health Plan,759,12/28/2020,Unauthorized Access/Disclosure,Paper/Films,Yes,
"Five Points Optometrists, P.C. dba Five Points Eye Care",GA,Healthcare Provider,1223,12/24/2020,Hacking/IT Incident,Network Server,No,
"Riverside Community Care, Inc.",MA,Healthcare Provider,5452,12/23/2020,Hacking/IT Incident,Network Server,No,
"Tom Wood, Inc.",IN,Health Plan,828,12/23/2020,Hacking/IT Incident,Network Server,No,
"Agency for Community Treatment Services, Inc.",FL,Healthcare Provider,73825,12/22/2020,Hacking/IT Incident,Network Server,No,
Gainwell Technologies LLC ,AR,Business Associate,3317,12/22/2020,Loss,Paper/Films,Yes,
Aetna ACE,CT,Health Plan,484157,12/22/2020,Hacking/IT Incident,Email,Yes,
Health Plan of San Joaquin,CA,Health Plan,418842,12/21/2020,Hacking/IT Incident,Email,No,
"Kristina T Nguyen, DDS, PC",VA,Healthcare Provider,8000,12/21/2020,Hacking/IT Incident,Network Server,No,
"BlueCross BlueShield of Tennessee, Inc.",TN,Health Plan,1340,12/18/2020,Unauthorized Access/Disclosure,Email,Yes,
"Iowa Total Care, Inc.",IA,Health Plan,536,12/18/2020,Unauthorized Access/Disclosure,Email,No,
"Wilmington Surgical Associates, P.A.",NC,Healthcare Provider,114834,12/17/2020,Hacking/IT Incident,Network Server,No,
"Comprehensive Neurology, PC",NY,Healthcare Provider,6800,12/17/2020,Hacking/IT Incident,"Electronic Medical Record, Network Server",No,
"Community Eye Care, LLC",NC,Health Plan,149804,12/17/2020,Hacking/IT Incident,Email,No,
"MEDNAX Services, Inc.",FL,Business Associate,1290670,12/16/2020,Hacking/IT Incident,Email,Yes,
Benjamin Rose Institute on Aging,OH,Healthcare Provider,1452,12/15/2020,Hacking/IT Incident,Email,No,
"Midwest Geriatric Management, LLC",MO,Healthcare Provider,4814,12/14/2020,Hacking/IT Incident,Email,No,
Nebraska Methodist Health System,NE,Healthcare Provider,39912,12/14/2020,Hacking/IT Incident,Network Server,Yes,
"Beacon Health Solutions, LLC",FL,Business Associate,500,12/11/2020,Hacking/IT Incident,Network Server,Yes,
Southeast Health Center of Ripley County,MO,Healthcare Provider,5001,12/11/2020,Hacking/IT Incident,Network Server,No,
Holy Redeemer Ambulatory Surgical Center,PA,Healthcare Provider,1298,12/11/2020,Hacking/IT Incident,Email,No,
"HMC Healthworks, Inc.",FL,Business Associate,985,12/11/2020,Hacking/IT Incident,Email,Yes,
SSM Health Insurance Company,WI,Health Plan,4492,12/11/2020,Unauthorized Access/Disclosure,Paper/Films,No,
"TNMO Healthcare, LLC",TN,Healthcare Provider,501,12/11/2020,Improper Disposal,Other,No,
Cedar Springs Hospital,CO,Healthcare Provider,2283,12/9/2020,Loss,Other Portable Electronic Device,No,
"Monroe Surgical Hospital, LLC",LA,Healthcare Provider,3500,12/9/2020,Hacking/IT Incident,Network Server,Yes,
"The Presbyterian Homes, Inc. ",NC,Healthcare Provider,1041,12/9/2020,Hacking/IT Incident,Network Server,Yes,
Texas Tech University Health Sciences Center,TX,Healthcare Provider,37000,12/9/2020,Hacking/IT Incident,Network Server,Yes,
Sonoma Valley Healthcare District,CA,Healthcare Provider,69000,12/9/2020,Hacking/IT Incident,Email,No,
"Employment Specialists of Maine, Inc.",ME,Healthcare Provider,1639,12/9/2020,Hacking/IT Incident,Network Server,No,
"Dental Care Alliance, LLC",FL,Business Associate,1004304,12/8/2020,Hacking/IT Incident,Network Server,Yes,
Mirra Health Care,FL,Business Associate,1064,12/8/2020,Unauthorized Access/Disclosure,Other,Yes,
"Meade Physicians, Inc.",KY,Healthcare Provider,695,12/7/2020,Unauthorized Access/Disclosure,Paper/Films,Yes,
Mercy Health,MO,Healthcare Provider,11187,12/4/2020,Unauthorized Access/Disclosure,Electronic Medical Record,No,
Meharry Medical College,TN,Healthcare Provider,20963,12/4/2020,Hacking/IT Incident,Email,No,
Family Health Center of Worcester,MA,Healthcare Provider,566,12/4/2020,Hacking/IT Incident,Network Server,No,
McLeroy Gibbs and Klein,TX,Healthcare Provider,3200,12/4/2020,Unauthorized Access/Disclosure,Other,No,
Sincera Reproductive Medicine,PA,Healthcare Provider,37989,12/3/2020,Hacking/IT Incident,Network Server,No,
Allegheny Health Network,PA,Healthcare Provider,299507,12/3/2020,Hacking/IT Incident,Network Server,Yes,
AMITA Health,IL,Healthcare Provider,261054,12/3/2020,Hacking/IT Incident,Network Server,Yes,
DMBA,UT,Health Plan,774,12/2/2020,Unauthorized Access/Disclosure,Desktop Computer,No,
Montefiore Medical Center ,NY,Healthcare Provider,670,12/1/2020,Unauthorized Access/Disclosure,Paper/Films,No,
"Liv-On Family Care Center, PA",MN,Healthcare Provider,1580,12/1/2020,Theft,"Desktop Computer, Laptop, Other Portable Electronic Device",No,
"US Med, LLC",FL,Healthcare Provider,685,11/30/2020,Hacking/IT Incident,Network Server,No,
Brazos Valley Plastic Surgery,TX,Healthcare Provider,2255,11/26/2020,Unauthorized Access/Disclosure,Email,No,
Tufts Health Plan,MA,Health Plan,60545,11/25/2020,Hacking/IT Incident,Email,Yes,
US Fertility LLC,MD,Business Associate,878550,11/25/2020,Hacking/IT Incident,Network Server,Yes,
Bardstown Primary Care dba: Physicians to Children & Adolescents,KY,Healthcare Provider,859,11/24/2020,Unauthorized Access/Disclosure,Other,Yes,
Presbyterian Health Plan,NM,Business Associate,3557,11/23/2020,Unauthorized Access/Disclosure,Paper/Films,Yes,
The Tree House Child Advocacy Center of Montgomery County,MD,Business Associate,514,11/23/2020,Unauthorized Access/Disclosure,Network Server,Yes,
"Peachtree Immediate Care FP, LLC",GA,Healthcare Provider,1462,11/23/2020,Hacking/IT Incident,Email,No,
One Touch Point,WI,Business Associate,28658,11/23/2020,Unauthorized Access/Disclosure,Paper/Films,Yes,
Interim HealthCare of the Capital Region,NY,Healthcare Provider,1127,11/23/2020,Hacking/IT Incident,Email,No,
"Bilingual Psychological Associates, PC",TX,Healthcare Provider,1925,11/23/2020,Unauthorized Access/Disclosure,"Electronic Medical Record, Network Server",No,
"The Nebraska Medical Center and University of Nebraska Medical Center, Affiliated Covered Entities",NE,Healthcare Provider,216472,11/23/2020,Hacking/IT Incident,Network Server,No,
Indian Health Council Inc.,CA,Healthcare Provider,5769,11/20/2020,Hacking/IT Incident,Network Server,No,
"Harvard Pilgrim Health Care, Inc. ",MA,Business Associate,8022,11/20/2020,Unauthorized Access/Disclosure,Paper/Films,Yes,
Louisiana State University- Health Care Services Division,LA,Healthcare Provider,8000,11/20/2020,Hacking/IT Incident,Email,No,
"Bayhealth Medical Center, Inc.",DE,Healthcare Provider,78006,11/20/2020,Hacking/IT Incident,Network Server,Yes,
Planned Parenthood of Metro Washington,DC,Healthcare Provider,500,11/20/2020,Hacking/IT Incident,Network Server,No,
Legacy Community Health Services,TX,Healthcare Provider,3076,11/20/2020,Hacking/IT Incident,Email,No,
Golden Gate Regional Center ,CA,Business Associate,11315,11/20/2020,Hacking/IT Incident,Network Server,Yes,
Walmart Inc.,AR,Healthcare Provider,524,11/20/2020,Theft,Paper/Films,No,
"Hi-Tech Artificial Limbs, Inc.",KY,Healthcare Provider,529,11/20/2020,Loss,Other,No,
"AspenPointe, Inc. ",CO,Healthcare Provider,295617,11/19/2020,Hacking/IT Incident,Network Server,No,
"Jonathan Woolfson, MD, PC",GA,Healthcare Provider,2000,11/19/2020,Theft,Laptop,No,
University Hopsital,NJ,Healthcare Provider,39207,11/13/2020,Hacking/IT Incident,Network Server,No,
"Northpoint Recovery Holdings, LLC",ID,Healthcare Provider,1866,11/13/2020,Hacking/IT Incident,Email,No,
Mercy Iowa City,IA,Healthcare Provider,92795,11/13/2020,Hacking/IT Incident,Email,No,
"Open Door Family Medical Center, Inc.",NY,Healthcare Provider,36474,11/12/2020,Hacking/IT Incident,"Email, Network Server",No,
"Delaware Department of Health and Social Services, Division of Public Health",DE,Healthcare Provider,9930,11/12/2020,Unauthorized Access/Disclosure,Email,No,
ProMedica Bixby Hospital,MI,Healthcare Provider,3500,11/12/2020,Unauthorized Access/Disclosure,Electronic Medical Record,No,
Jekyll Island-State Park Authority - Jekyll Island Fire/EMS,GA,Healthcare Provider,1881,11/9/2020,Hacking/IT Incident,"Desktop Computer, Network Server",No,
"Bruce L. Boros, M.D., P.A. DBA Advanced Urgent Care",FL,Healthcare Provider,58823,11/6/2020,Unauthorized Access/Disclosure,Network Server,No,
Galstan & Ward Family and Cosmetic Dentistry,VA,Healthcare Provider,10759,11/6/2020,Hacking/IT Incident,"Email, Network Server",No,
Seeley Enterprises Company,OH,Healthcare Provider,16196,11/6/2020,Hacking/IT Incident,Network Server,No,
Conway Regional Health System,AR,Healthcare Provider,2945,11/6/2020,Unauthorized Access/Disclosure,Email,No,
Physicians Apothecary,AL,Healthcare Provider,2000,11/6/2020,Improper Disposal,Paper/Films,No,
People Incorporated,MN,Healthcare Provider,27500,11/6/2020,Hacking/IT Incident,Email,No,
Lawrence General Hospital,MA,Healthcare Provider,176587,11/5/2020,Hacking/IT Incident,Network Server,No,
Lake County Health Department and Community Health Center,IL,Healthcare Provider,3815,11/5/2020,Unauthorized Access/Disclosure,Email,No,
Pristine Dental ,MA,Healthcare Provider,1428,11/5/2020,Hacking/IT Incident,Network Server,No,
Methodist Hospital of Southern California,CA,Healthcare Provider,39881,11/4/2020,Hacking/IT Incident,Network Server,Yes,
Alamance Skin Center,NC,Healthcare Provider,100000,11/4/2020,Loss,Electronic Medical Record,No,
The GEO Group Inc.,FL,Healthcare Provider,3991,11/4/2020,Hacking/IT Incident,Network Server,No,
Chesapeake Regional Healthcare,VA,Healthcare Provider,24000,11/3/2020,Hacking/IT Incident,Network Server,Yes,
Virginia Hospital Center Health System,VA,Healthcare Provider,23846,10/31/2020,Hacking/IT Incident,Network Server,Yes,
Yale New Haven Hospital,CT,Healthcare Provider,15904,10/30/2020,Hacking/IT Incident,Network Server,Yes,
Connecticut Department of Social Services,CT,Health Plan,37000,10/30/2020,Hacking/IT Incident,Email,No,
NYU Langone Hospitals ,NY,Healthcare Provider,44009,10/30/2020,Hacking/IT Incident,Network Server,Yes,
Rady Children’s Hospital – San Diego,CA,Healthcare Provider,19788,10/30/2020,Hacking/IT Incident,Network Server,Yes,
"My Choice Housecalls, LLC",FL,Healthcare Provider,3370,10/30/2020,Theft,Laptop,No,
"Timberline Billing Service, LLC",IA,Business Associate,117088,10/30/2020,Hacking/IT Incident,Network Server,Yes,
CCPOA Benefit Trust Fund,CA,Health Plan,80000,10/29/2020,Hacking/IT Incident,Network Server,No,
"Kids First Dentistry & Orthodontics, a subsidiary of Professional Dental Alliance of Connecticut, PLLC",CT,Healthcare Provider,5000,10/28/2020,Hacking/IT Incident,Network Server,No,
"First Impressions Orthodontics, a subsidiary of Professional Dental Alliance of Connecticut PLLC",CT,Healthcare Provider,20727,10/28/2020,Hacking/IT Incident,Network Server,No,
State of North Dakota,ND,Healthcare Provider,35416,10/27/2020,Hacking/IT Incident,Email,No,
Luxottica of America Inc.,OH,Business Associate,829454,10/27/2020,Hacking/IT Incident,Network Server,Yes,
"Northwest Eye Surgeons, P.C. and Sight Partners LLC",WA,Healthcare Provider,20838,10/26/2020,Hacking/IT Incident,Network Server,No,
Jemez Health & Human Services,NM,Healthcare Provider,4290,10/26/2020,Improper Disposal,"Desktop Computer, Laptop",No,
Allergy & Asthma Center,TX,Healthcare Provider,711,10/26/2020,Unauthorized Access/Disclosure,Email,No,
"Centerstone of Indiana, Inc.",IN,Healthcare Provider,11638,10/23/2020,Hacking/IT Incident,Email,No,
"Centerstone of Tennessee, Inc.",TN,Healthcare Provider,50965,10/23/2020,Hacking/IT Incident,Email,No,
"The Bridge, Inc.",NY,Healthcare Provider,16431,10/23/2020,Hacking/IT Incident,Email,No,
Lycoming-Clinton Joinder Board Programs,PA,Business Associate,14500,10/23/2020,Hacking/IT Incident,Email,Yes,
Perry County Memorial Hospital,MO,Healthcare Provider,501,10/22/2020,Hacking/IT Incident,Email,No,
"Arkansas Otolaryngology Center, PA",AR,Healthcare Provider,12000,10/22/2020,Unauthorized Access/Disclosure,Email,No,
Community Clinic of Maui,HI,Healthcare Provider,1784,10/22/2020,Unauthorized Access/Disclosure,Paper/Films,No,
Provider Health Services,LA,Healthcare Provider,1700,10/20/2020,Hacking/IT Incident,Network Server,Yes,
AdventHealth  ,FL,Healthcare Provider,315811,10/20/2020,Hacking/IT Incident,Network Server,Yes,
"Ascend Clinical, LLC",CA,Healthcare Provider,77443,10/19/2020,Hacking/IT Incident,Network Server,No,
OSF HealthCare System,IL,Healthcare Provider,94171,10/19/2020,Hacking/IT Incident,Network Server,Yes,
Arkansas Methodist Medical Center,AR,Healthcare Provider,4916,10/19/2020,Hacking/IT Incident,Network Server,Yes,
Geisinger,PA,Healthcare Provider,86412,10/19/2020,Hacking/IT Incident,Network Server,Yes,
"BryLin Hospitals, Incorporated",NY,Healthcare Provider,8000,10/17/2020,Hacking/IT Incident,Network Server,No,
"DJO, LLC",CA,Healthcare Provider,3429,10/16/2020,Hacking/IT Incident,Email,Yes,
Center for Autism and Related Disorders,CA,Healthcare Provider,1440,10/16/2020,Hacking/IT Incident,Email,No,
University of Michigan/Michigan Medicine,MI,Healthcare Provider,1062,10/16/2020,Unauthorized Access/Disclosure,Email,No,
WellMed,TX,Healthcare Provider,591,10/15/2020,Theft,Paper/Films,No,
Stamford Hospital ,CT,Healthcare Provider,1050,10/15/2020,Hacking/IT Incident,Network Server,Yes,
Mary Rutan Hospital,OH,Healthcare Provider,1677,10/15/2020,Unauthorized Access/Disclosure,Other,No,
Bonnie Brae,NJ,Healthcare Provider,884,10/14/2020,Hacking/IT Incident,Network Server,No,
"Passavant Memorial Homes, Inc.",PA,Healthcare Provider,25000,10/14/2020,Hacking/IT Incident,Network Server,No,
Heavenly Hands Family Medical Clinic,TX,Healthcare Provider,2000,10/14/2020,Unauthorized Access/Disclosure,Electronic Medical Record,No,
Lawrence + Memorial Hospital,CT,Healthcare Provider,21617,10/13/2020,Hacking/IT Incident,Network Server,Yes,
"Practice Transformation Solutions, LLC",VA,Business Associate,1678,10/13/2020,Hacking/IT Incident,Email,Yes,
Georgia Department of Human Services ,GA,Healthcare Clearing House,45732,10/9/2020,Hacking/IT Incident,Email,No,
Greenwich Hospital,CT,Healthcare Provider,95000,10/9/2020,Hacking/IT Incident,Network Server,Yes,
Einstein Healthcare Network,PA,Healthcare Provider,353616,10/9/2020,Hacking/IT Incident,Email,No,
"Cedar County Iowa, Board of Supervisors",IA,Healthcare Provider,1138,10/8/2020,Hacking/IT Incident,Email,No,
"Milestone Electric, Inc.",TX,Health Plan,4973,10/8/2020,Hacking/IT Incident,Email,No,
McLaren Oakland,MI,Healthcare Provider,2219,10/8/2020,Unauthorized Access/Disclosure,Network Server,No,
The Opportunity Alliance,ME,Healthcare Provider,4500,10/7/2020,Hacking/IT Incident,Network Server,Yes,
"Clinical & Forensic Consultation, LLC d/b/a Thriveworks Bristol, Johnson City, and Knoxville",TN,Healthcare Provider,1360,10/7/2020,Unauthorized Access/Disclosure,Email,No,
Atlantic Medical Imaging,NJ,Healthcare Provider,74877,10/6/2020,Hacking/IT Incident,Email,No,
Mayo Clinic,MN,Healthcare Provider,1614,10/5/2020,Unauthorized Access/Disclosure,Electronic Medical Record,No,
"Adults and Children with Learning and Developmental Disabilities, Inc.",NY,Healthcare Provider,603,10/2/2020,Hacking/IT Incident,Network Server,Yes,
Premier Health Partners,OH,Healthcare Provider,749,10/2/2020,Unauthorized Access/Disclosure,Email,No,
Virginia Cancer Institute Incorporated,VA,Healthcare Provider,6258,10/2/2020,Hacking/IT Incident,Email,No,
Presbyterian Healthcare Services,NM,Healthcare Provider,193223,10/2/2020,Hacking/IT Incident,Other,Yes,
Sisters of Charity of St. Augustine Health System ,OH,Healthcare Provider,118874,10/1/2020,Hacking/IT Incident,Network Server,Yes,
"Alliance Spine and Pain Management, PLLC d/b/a Freedom Spine & Pain Center",TX,Healthcare Provider,2235,9/30/2020,Hacking/IT Incident,Email,No,
Oswego Health,NY,Healthcare Provider,13619,9/30/2020,Hacking/IT Incident,Email,No,
White Plains Hospital  ,NY,Healthcare Provider,7164,9/30/2020,Hacking/IT Incident,Network Server,Yes,
"Sonoma Recovery Services, LLC d/b/a/ Olympia House ",CA,Healthcare Provider,2527,9/30/2020,Hacking/IT Incident,Network Server,No,
University Muslim Medical Association ,CA,Healthcare Provider,563,9/29/2020,Unauthorized Access/Disclosure,Email,No,
"Excalibur Youth Services, LLC ",SC,Healthcare Provider,2851,9/28/2020,Hacking/IT Incident,Network Server,No,
Voxx International Corp.,FL,Health Plan,6034,9/28/2020,Hacking/IT Incident,Network Server,No,
EyeMed Vision Care LLC,OH,Business Associate,1474000,9/28/2020,Unauthorized Access/Disclosure,Email,Yes,
Preferred Care Home Health Services ,FL,Healthcare Provider,2374,9/28/2020,Hacking/IT Incident,Email,No,
Century Specialty Script,NY,Healthcare Provider,16038,9/28/2020,Hacking/IT Incident,Email,No,
Oaklawn Hospital,MI,Healthcare Provider,26861,9/25/2020,Hacking/IT Incident,Email,No,
"Legacy Community Health Services, Inc.",TX,Healthcare Provider,228009,9/25/2020,Hacking/IT Incident,Email,No,
Scottish Rite for Children,TX,Healthcare Provider,3414,9/25/2020,Hacking/IT Incident,Network Server,Yes,
Burke Rehabilitation Hospital,NY,Healthcare Provider,65839,9/25/2020,Hacking/IT Incident,Network Server,Yes,
Mono County,CA,Healthcare Provider,2850,9/25/2020,Hacking/IT Incident,Electronic Medical Record,No,
"Seven Counties Services, Inc.",KY,Healthcare Provider,13375,9/25/2020,Hacking/IT Incident,Email,No,
"MedStar Health, Inc.",MD,Healthcare Provider,668,9/25/2020,Hacking/IT Incident,Network Server,Yes,
Geisinger Health,PA,Healthcare Provider,717,9/23/2020,Unauthorized Access/Disclosure,Electronic Medical Record,No,
Magnolia Pediatrics,LA,Healthcare Provider,12861,9/23/2020,Hacking/IT Incident,Network Server,No,
South Shore Hospital,MA,Healthcare Provider,74251,9/23/2020,Hacking/IT Incident,Network Server,Yes,
Montefiore Medical Center,NY,Healthcare Provider,4004,9/18/2020,Unauthorized Access/Disclosure,Electronic Medical Record,No,
"Pollack, Barbaccia, & Guzman MD PC",NY,Healthcare Provider,1135,9/18/2020,Theft,Paper/Films,No,
University of Missouri Health Care,MO,Healthcare Provider,189736,9/17/2020,Hacking/IT Incident,Email,No,
"OrthoAtlanta, LLC",GA,Healthcare Provider,5600,9/17/2020,Hacking/IT Incident,Network Server,No,
Sheltering Arms Physical Rehabilitation Centers,VA,Healthcare Provider,683,9/16/2020,Hacking/IT Incident,Network Server,Yes,
Accents on Health,CO,Healthcare Provider,2000,9/16/2020,Hacking/IT Incident,"Desktop Computer, Network Server",No,
Alameda Health System ,CA,Healthcare Provider,2691,9/15/2020,Hacking/IT Incident,Email,No,
"Community Surgical Supply of Toms River, Inc.",NJ,Healthcare Provider,31550,9/15/2020,Hacking/IT Incident,Email,No,
"Piedmont Cancer Institute, P.C.",GA,Healthcare Provider,5226,9/15/2020,Hacking/IT Incident,Email,No,
Nuvance Health (on behalf of its covered entities),NY,Healthcare Provider,314829,9/15/2020,Hacking/IT Incident,Network Server,Yes,
Bluegrass Care Navigators,KY,Healthcare Provider,2343,9/14/2020,Hacking/IT Incident,Network Server,Yes,
Montefiore Medical Center ,NY,Healthcare Provider,81552,9/14/2020,Hacking/IT Incident,Network Server,Yes,
Joslin Diabetes Center ,MA,Healthcare Provider,71160,9/14/2020,Hacking/IT Incident,Network Server,Yes,
Jewish Home Lifecare d/b/a The New Jewish Home,NY,Healthcare Provider,5242,9/14/2020,Hacking/IT Incident,Network Server,Yes,
Memorial Sloan Kettering Cancer Center ,NY,Healthcare Provider,73536,9/14/2020,Hacking/IT Incident,Network Server,Yes,
"Hospice & Palliative Care Buffalo, Inc.  ",NY,Healthcare Provider,47272,9/14/2020,Hacking/IT Incident,Network Server,Yes,
"Samaritan Daytop Village, Inc.",NY,Healthcare Provider,5890,9/14/2020,Hacking/IT Incident,Network Server,Yes,
Prelude Behavioral Services ,IA,Healthcare Provider,699,9/14/2020,Hacking/IT Incident,Network Server,Yes,
"Christiana Care Health Services, Inc.",DE,Healthcare Provider,1229,9/14/2020,Hacking/IT Incident,Network Server,Yes,
Connecticut Children's Medical Center,CT,Healthcare Provider,2633,9/14/2020,Hacking/IT Incident,Network Server,Yes,
Texas Children's Hospital,TX,Healthcare Provider,1987,9/14/2020,Hacking/IT Incident,Network Server,Yes,
Roswell Park Comprehensive Cancer Center,NY,Healthcare Provider,141669,9/14/2020,Hacking/IT Incident,Network Server,Yes,
UMass Memorial Medical Center,MA,Healthcare Provider,87420,9/14/2020,Hacking/IT Incident,Network Server,Yes,
Samaritan Healthcare & Hospice,NJ,Healthcare Provider,3657,9/14/2020,Hacking/IT Incident,Network Server,Yes,
Lehigh Valley Health Network,PA,Healthcare Provider,81487,9/14/2020,Hacking/IT Incident,Network Server,Yes,
Veterans Health Administration,DC,Healthcare Provider,44308,9/14/2020,Hacking/IT Incident,Network Server,No,
Stony Brook University Hospital,NY,Healthcare Provider,175803,9/14/2020,Hacking/IT Incident,Network Server,Yes,
Catholic Medical Center,NH,Healthcare Provider,18623,9/14/2020,Hacking/IT Incident,Network Server,Yes,
Mount Sinai Health System,NY,Healthcare Provider,87535,9/13/2020,Hacking/IT Incident,Network Server,Yes,
Lynn Community Health Center,MA,Healthcare Provider,4271,9/13/2020,Hacking/IT Incident,Email,No,
George West Mental Health Foundation dba Skyland Trail,GA,Healthcare Provider,2818,9/12/2020,Hacking/IT Incident,Other,No,
"Augusta Health Care, Inc. d/b/a Augusta Health",VA,Healthcare Provider,3061,9/11/2020,Hacking/IT Incident,Network Server,Yes,
Community Medical Centers,CA,Healthcare Provider,43667,9/11/2020,Hacking/IT Incident,Network Server,Yes,
"Hebrew SeniorLife, Inc. ",MA,Healthcare Provider,27244,9/11/2020,Hacking/IT Incident,Network Server,Yes,
Riverside Health System,VA,Healthcare Provider,54151,9/11/2020,Hacking/IT Incident,Network Server,Yes,
Adventist HealthCare,MD,Healthcare Provider,13041,9/11/2020,Hacking/IT Incident,Network Server,Yes,
"SOUTHERN INDIAN HEALTH COUNCIL, INC.",CA,Healthcare Provider,695,9/11/2020,Hacking/IT Incident,Email,No,
Medical University of South Carolina,SC,Healthcare Provider,54869,9/11/2020,Hacking/IT Incident,Network Server,Yes,
"Specialized Alternatives for Families & Youth of America, Inc.",OH,Business Associate,58123,9/11/2020,Hacking/IT Incident,Email,Yes,
Total Urology Care of New York PLLC,NY,Healthcare Provider,23000,9/10/2020,Unauthorized Access/Disclosure,Electronic Medical Record,No,
SCL Health – Colorado (affiliated covered entity) ,CO,Healthcare Provider,343493,9/10/2020,Hacking/IT Incident,Network Server,Yes,
SCL Health – Montana (affiliated covered entity) ,CO,Healthcare Provider,93642,9/10/2020,Hacking/IT Incident,Network Server,Yes,
SCL Health – Kansas (affiliated covered entity) ,CO,Healthcare Provider,3845,9/10/2020,Hacking/IT Incident,Network Server,Yes,
Mental Health Center of Boulder County Inc. dba Mental Health Partners ,CO,Healthcare Provider,2650,9/9/2020,Hacking/IT Incident,Email,No,
Baylor College of Medicine,TX,Healthcare Provider,4500,9/9/2020,Hacking/IT Incident,Network Server,Yes,
 Virginia Mason Medical Center,WA,Healthcare Provider,244761,9/8/2020,Hacking/IT Incident,Network Server,Yes,
The Guthrie Clinic,PA,Healthcare Provider,92064,9/8/2020,Hacking/IT Incident,Network Server,Yes,
Lycoming-Clinton Joinder Board Programs,PA,Business Associate,3905,9/8/2020,Hacking/IT Incident,Email,Yes,
"Starling Physicians, PC",CT,Healthcare Provider,7777,9/4/2020,Hacking/IT Incident,Email,No,
Carnegie Tri-County Municipal Hospital,OK,Healthcare Provider,1076,9/4/2020,Improper Disposal,Paper/Films,No,
"Servicios de Salud Primarios de Barceloneta, Inc. ",,Healthcare Provider,60200,9/4/2020,Hacking/IT Incident,Network Server,No,
Advocate Aurora Health,WI,Healthcare Provider,2979,9/4/2020,Unauthorized Access/Disclosure,Paper/Films,No,
Roper St. Francis Healthcare,SC,Healthcare Provider,6000,9/3/2020,Hacking/IT Incident,Email,No,
H. Lee Moffitt Cancer Center & Research Institute ,FL,Healthcare Provider,4056,9/2/2020,Theft,"Other Portable Electronic Device, Paper/Films",No,
"The  Baton Rouge Clinic, A Medical Corporation",LA,Healthcare Provider,308169,9/2/2020,Hacking/IT Incident,"Desktop Computer, Email, Network Server",No,
Spectrum Health,MI,Healthcare Provider,52711,9/1/2020,Hacking/IT Incident,Network Server,Yes,
BEACON ORTHOPAEDICS & SPORTS MEDICINE,OH,Healthcare Provider,2869,8/28/2020,Theft,"Other, Other Portable Electronic Device",No,
"Utah Pathology Services, Inc.",UT,Healthcare Provider,112124,8/28/2020,Hacking/IT Incident,Email,No,
Assured Imaging,AZ,Healthcare Provider,244813,8/27/2020,Hacking/IT Incident,Network Server,No,
Glacier Surgical Associates,AK,Healthcare Provider,1538,8/25/2020,Hacking/IT Incident,Network Server,No,
"OrthoSC, LLC",SC,Healthcare Provider,3000,8/25/2020,Hacking/IT Incident,Email,No,
Waystar Health,KY,Business Associate,1021,8/25/2020,Hacking/IT Incident,Network Server,Yes,
City of Lafayette Fire Department,CO,Healthcare Provider,15000,8/25/2020,Hacking/IT Incident,Network Server,No,
"Consultant Anesthesiologists, Inc.",OH,Healthcare Provider,740,8/25/2020,Theft,Paper/Films,No,
MultiCare Health System,WA,Healthcare Provider,179189,8/22/2020,Hacking/IT Incident,Network Server,Yes,
Elwyn,PA,Healthcare Provider,16579,8/21/2020,Hacking/IT Incident,Email,No,
Washington Department of Social and Health Services,WA,Health Plan,648,8/20/2020,Unauthorized Access/Disclosure,Email,No,
Humana Inc,KY,Health Plan,501,8/19/2020,Hacking/IT Incident,Other,No,
Arnot Health,NY,Healthcare Provider,1164,8/18/2020,Hacking/IT Incident,"Email, Network Server",Yes,
Imperium Health LLC,KY,Business Associate,139114,8/17/2020,Hacking/IT Incident,Email,Yes,
Cook Children's Medical Center,TX,Healthcare Provider,1768,8/17/2020,Loss,Other Portable Electronic Device,No,
Crozer-Keystone Health System,PA,Healthcare Provider,177023,8/14/2020,Hacking/IT Incident,Network Server,No,
Selected Benefits,PA,Business Associate,8100,8/14/2020,Hacking/IT Incident,Email,Yes,
"D&S Residential Holdings, LLC",TX,Healthcare Provider,2102,8/14/2020,Hacking/IT Incident,Email,No,
Advocate Aurora Health ,WI,Healthcare Provider,1907,8/14/2020,Unauthorized Access/Disclosure,Paper/Films,Yes,
UT Southwestern Medical Center,TX,Healthcare Provider,15958,8/13/2020,Unauthorized Access/Disclosure,Other,No,
Idaho State University Dental Hygiene,ID,Healthcare Provider,543,8/13/2020,Unauthorized Access/Disclosure,Email,No,
"The Iowa Clinic, P.C.",IA,Healthcare Provider,914,8/11/2020,Unauthorized Access/Disclosure,Paper/Films,No,
Ashley County Medical Center,AR,Healthcare Provider,772,8/7/2020,Unauthorized Access/Disclosure,Electronic Medical Record,No,
"The Connection, Inc.",CT,Healthcare Provider,3736,8/7/2020,Hacking/IT Incident,Email,No,
"Dynasplint Systems, Inc.",MD,Healthcare Provider,102800,8/6/2020,Hacking/IT Incident,Network Server,No,
Summit Medical Associates,IN,Healthcare Provider,7264,8/4/2020,Hacking/IT Incident,Network Server,No,
Northern Light Health ,ME,Business Associate,657392,8/3/2020,Hacking/IT Incident,"Network Server, Other",Yes,
"St. Peter's Health Partners Medical Associates, P.C.",NY,Healthcare Provider,1789,8/3/2020,Loss,Other,Yes,
Freeport Regional Health Care Foundation,IL,Healthcare Provider,4120,7/31/2020,Hacking/IT Incident,Email,No,
St. Christopher's Hospital for Children,PA,Healthcare Provider,7557,7/31/2020,Unauthorized Access/Disclosure,Email,No,
Muskingum Valley Health Centers,OH,Healthcare Provider,7447,7/31/2020,Hacking/IT Incident,"Electronic Medical Record, Network Server",No,
Elkins Rehabilitation & Care Center,WV,Healthcare Provider,3127,7/30/2020,Hacking/IT Incident,Email,No,
Berkshire Farm Center and Services for Youth,NY,Healthcare Provider,4950,7/30/2020,Hacking/IT Incident,Network Server,No,
Beaumont Health,MI,Healthcare Provider,6073,7/28/2020,Hacking/IT Incident,"Email, Network Server",No,
Children's Hospital Colorado,CO,Healthcare Provider,2553,7/27/2020,Hacking/IT Incident,Email,No,
Owens Ear Center,TX,Healthcare Provider,19908,7/27/2020,Unauthorized Access/Disclosure,Network Server,No,
"Behavioral Health Network, Inc.",MA,Healthcare Provider,129571,7/27/2020,Hacking/IT Incident,Network Server,No,
"University of Maryland Faculty Physicians, Inc. / University of Maryland Medical Center",MD,Healthcare Provider,33896,7/24/2020,Hacking/IT Incident,Email,No,
Walgreen Co.,IL,Healthcare Provider,72143,7/24/2020,Theft,"Other Portable Electronic Device, Paper/Films",No,
Town of Babylon,NY,Healthcare Provider,1974,7/24/2020,Hacking/IT Incident,Email,No,
Foundation Surgical Hospital of San Antonio,TX,Healthcare Provider,1237,7/24/2020,Unauthorized Access/Disclosure,Other,No,
"Supervalu Pharmacies, Inc.",MN,Healthcare Provider,1500,7/24/2020,Theft,"Other, Paper/Films",No,
Highpoint Foot & Ankle Center,PA,Healthcare Provider,25554,7/20/2020,Hacking/IT Incident,Network Server,No,
University of Utah,UT,Healthcare Provider,10000,7/20/2020,Hacking/IT Incident,Email,No,
NCP Healthcare Management Company,MA,Business Associate,78070,7/17/2020,Hacking/IT Incident,Email,Yes,
"Brandywine Counseling & Community Services, Inc",DE,Healthcare Provider,4139,7/17/2020,Unauthorized Access/Disclosure,Paper/Films,No,
Maryland Health Enterprises DBA Lorien Health Services ,MD,Healthcare Provider,47754,7/17/2020,Hacking/IT Incident,Network Server,No,
Allergy and Asthma Clinic of Fort Worth,TX,Healthcare Provider,69777,7/16/2020,Hacking/IT Incident,Network Server,No,
"US HealthCenter, Inc.",WI,Business Associate,1441,7/16/2020,Hacking/IT Incident,Email,Yes,
WellCare Health Plans,FL,Health Plan,50439,7/16/2020,Unauthorized Access/Disclosure,Paper/Films,No,
"The Puerto Rican Organization to Motivate, Enlighten, and Serve Addicts, Inc. (PROMESA)",NY,Healthcare Provider,1002,7/16/2020,Hacking/IT Incident,Email,No,
Wisconsin Department of Corrections,WI,Healthcare Provider,1853,7/15/2020,Unauthorized Access/Disclosure,Other,No,
City Dental,CA,Healthcare Provider,900,7/14/2020,Hacking/IT Incident,Network Server,No,
"Greenway Health, LLC",FL,Business Associate,2251,7/10/2020,Hacking/IT Incident,Other,Yes,
"Jim Dinh, DC ",TX,Business Associate,500,7/10/2020,Theft,"Desktop Computer, Laptop, Other Portable Electronic Device",Yes,
"Tak-ming Ko, M.D., LLC",AK,Healthcare Provider,1158,7/9/2020,Hacking/IT Incident,Electronic Medical Record,Yes,
"Dr. Ann Hale, D.D.S. / also known as Hutton & Hale, D.D.S.",CA,Healthcare Provider,8394,7/8/2020,Hacking/IT Incident,Network Server,No,
"Accu Copy of Greenville, Incorporated",NC,Business Associate,21800,7/6/2020,Hacking/IT Incident,"Desktop Computer, Network Server",Yes,
Four Winds Behavioral Health ,NM,Healthcare Provider,500,7/6/2020,Hacking/IT Incident,Email,No,
Central California Alliance for Health,CA,Health Plan,35883,7/2/2020,Hacking/IT Incident,Email,No,
Independence Blue Cross,PA,Business Associate,2393,7/2/2020,Unauthorized Access/Disclosure,Other,Yes,
Florida Orthopaedic Institute,FL,Healthcare Provider,640000,7/1/2020,Hacking/IT Incident,Network Server,No,
Carter and Hoff Dentistry,NC,Healthcare Provider,7000,7/1/2020,Hacking/IT Incident,Network Server,No,
"WellCare Health Plans, Inc.",FL,Health Plan,2943,6/30/2020,Unauthorized Access/Disclosure,Other,Yes,
Salinas Valley Memorial Healthcare System,CA,Healthcare Provider,786,6/29/2020,Hacking/IT Incident,Email,No,
"Premier Kids Care, Inc.",GA,Healthcare Provider,6265,6/29/2020,Hacking/IT Incident,"Desktop Computer, Network Server",No,
M&T Bank,NY,Business Associate,5878,6/29/2020,Unauthorized Access/Disclosure,Email,Yes,
"Benefit Recovery Specialists, Inc. ",TX,Business Associate,274837,6/26/2020,Hacking/IT Incident,Network Server,Yes,
Rose Dental ,TX,Healthcare Provider,6169,6/26/2020,Hacking/IT Incident,Email,No,
Rose Dental ,TX,Healthcare Provider,2835,6/26/2020,Hacking/IT Incident,Email,No,
"The StayWell Company, LLC",PA,Business Associate,971,6/26/2020,Hacking/IT Incident,Network Server,Yes,
Morneau Shepell Limited,IL,Healthcare Provider,1162,6/25/2020,Hacking/IT Incident,Email,No,
"Grace & Porta Benefits, inc.",MI,Health Plan,572,6/23/2020,Hacking/IT Incident,Email,No,
"Iowa Total Care, Inc.",IA,Health Plan,11581,6/23/2020,Unauthorized Access/Disclosure,Email,No,
"Friendship Community Care, Inc.",AR,Healthcare Provider,9745,6/22/2020,Unauthorized Access/Disclosure,Email,No,
CHI St. Luke's Health Memorial,TX,Healthcare Provider,1045,6/19/2020,Unauthorized Access/Disclosure,Network Server,No,
"CodeMetro, Inc.",CA,Business Associate,62807,6/19/2020,Hacking/IT Incident,Network Server,Yes,
American Medical Technologies ,CA,Healthcare Provider,47767,6/18/2020,Hacking/IT Incident,"Electronic Medical Record, Email, Network Server",No,
North Shore Pain Management,MA,Healthcare Provider,12472,6/18/2020,Hacking/IT Incident,Network Server,No,
"The Kroger Co., for itself and its affiliates and subsidiaries",OH,Healthcare Provider,10974,6/18/2020,Hacking/IT Incident,Network Server,No,
"Oral and Maxillofacial Surgery Associates, P.A.",SC,Healthcare Provider,35498,6/17/2020,Hacking/IT Incident,"Desktop Computer, Network Server, Other Portable Electronic Device",No,
Frank D. Lanterman Regional Center,CA,Healthcare Provider,9271,6/16/2020,Hacking/IT Incident,Network Server,Yes,
Providence Health Plan,OR,Health Plan,49511,6/16/2020,Unauthorized Access/Disclosure,Other,Yes,
"Choice Health Management Services, LLC",NC,Business Associate,11650,6/15/2020,Hacking/IT Incident,Email,Yes,
The Waldorf Center ,OR,Healthcare Provider,608,6/15/2020,Hacking/IT Incident,Email,No,
Legacy Community Health Services,TX,Healthcare Provider,19000,6/15/2020,Hacking/IT Incident,Email,No,
Cano Health,FL,Healthcare Provider,28268,6/12/2020,Hacking/IT Incident,Email,No,
"Mehta, Anil MD, Inc.",CA,Healthcare Provider,846,6/12/2020,Theft,"Desktop Computer, Paper/Films",No,
Healthcare Fiscal Management Inc.,NC,Business Associate,58000,6/12/2020,Hacking/IT Incident,Network Server,Yes,
Integra Managed Care,NY,Health Plan,644,6/12/2020,Unauthorized Access/Disclosure,Paper/Films,Yes,
"Sunrise Treatment Center,LLC",OH,Healthcare Provider,3660,6/12/2020,Hacking/IT Incident,Email,No,
Magellan Health Inc.,AZ,Health Plan,1013956,6/12/2020,Hacking/IT Incident,"Email, Network Server",No,
"Axis Neuromonitoring, Inc., d/b/a Apex IONM Solutions",TX,Business Associate,1876,6/11/2020,Hacking/IT Incident,Email,Yes,
University of Missouri Health Care,MO,Healthcare Provider,5074,6/11/2020,Hacking/IT Incident,Email,No,
Rangely District Hospital,CO,Healthcare Provider,6339,6/8/2020,Hacking/IT Incident,"Electronic Medical Record, Network Server",No,
University of Utah,UT,Healthcare Provider,1909,6/8/2020,Hacking/IT Incident,Email,No,
Danube River Holdings LLC dba RiverPointe Post Acute,CA,Healthcare Provider,633,6/7/2020,Loss,Other Portable Electronic Device,No,
"JDA eHealth Systems, Inc.",IL,Business Associate,917,6/2/2020,Unauthorized Access/Disclosure,"Other, Paper/Films",Yes,
City of Philadelphia,PA,Health Plan,135988,6/1/2020,Hacking/IT Incident,Email,No,
Rochester Regional Health,NY,Healthcare Provider,1945,6/1/2020,Hacking/IT Incident,Email,No,
HEALTHY CONNECTIONS INC,AR,Healthcare Provider,3565,6/1/2020,Unauthorized Access/Disclosure,Email,No,
Sanitas Dental Management,FL,Healthcare Provider,19000,5/29/2020,Loss,Network Server,No,
"Hanger Prosthetics & Orthotics, Inc. d/b/a Hanger Clinic",TX,Healthcare Provider,6033,5/29/2020,Unauthorized Access/Disclosure,Paper/Films,No,
"Michiana Hematology Oncology, PC",IN,Healthcare Provider,500,5/29/2020,Improper Disposal,Paper/Films,Yes,
"South Bend Medical Foundation, Inc.",IN,Healthcare Provider,500,5/28/2020,Improper Disposal,Paper/Films,Yes,
"Beacon Health systems, Inc.",IN,Healthcare Provider,900,5/28/2020,Improper Disposal,Paper/Films,Yes,
"Allied Physicians of Michiana, LLC",IN,Healthcare Provider,976,5/28/2020,Improper Disposal,Paper/Films,Yes,
"Saint Joseph Regional Medical Center, Inc.",IN,Healthcare Provider,1000,5/28/2020,Improper Disposal,Paper/Films,Yes,
"New Avenues, Inc.",IN,Healthcare Provider,1000,5/28/2020,Improper Disposal,Paper/Films,Yes,
"Elkhart Emergency Physicians, Inc .",IN,Healthcare Provider,550000,5/28/2020,Improper Disposal,Paper/Films,Yes,
Renee Applebaum Phd Pc,MI,Healthcare Provider,3800,5/24/2020,Hacking/IT Incident,Network Server,Yes,
"Mediclaim, LLC",MI,Business Associate,14931,5/22/2020,Hacking/IT Incident,Network Server,Yes,
Kaiser Permanente ,MD,Health Plan,2756,5/22/2020,Unauthorized Access/Disclosure,Electronic Medical Record,No,
Everett & Hurite Ophthalmic Association,PA,Healthcare Provider,34113,5/22/2020,Hacking/IT Incident,Email,No,
Woodlawn Dental Center,OH,Healthcare Provider,14419,5/18/2020,Hacking/IT Incident,Network Server,No,
Geisinger Wyoming Valley Medical Center,PA,Healthcare Provider,805,5/18/2020,Unauthorized Access/Disclosure,Electronic Medical Record,No,
"PsyGenics, Inc.",MI,Business Associate,608,5/18/2020,Unauthorized Access/Disclosure,Email,Yes,
"Mat-Su Surgical Associates, APC",AK,Healthcare Provider,13146,5/15/2020,Hacking/IT Incident,"Laptop, Network Server",No,
"Alexander Chun, MD, PLLC",NY,Healthcare Provider,595,5/12/2020,Improper Disposal,Paper/Films,No,
Santa Rosa & Rohnert Park Oral Surgery,CA,Healthcare Provider,5357,5/8/2020,Unauthorized Access/Disclosure,Email,No,
Ashtabula County Medical Center,OH,Healthcare Provider,3683,5/8/2020,Hacking/IT Incident,Network Server,No,
Moorestown Visiting Nurse Association,NJ,Healthcare Provider,26465,5/7/2020,Hacking/IT Incident,Network Server,No,
"Midmark RTLS Solutions, Inc.",MI,Business Associate,7422,5/5/2020,Hacking/IT Incident,Other,Yes,
The Nebraska Medical Center,NE,Healthcare Provider,1311,5/5/2020,Unauthorized Access/Disclosure,Electronic Medical Record,No,
BJC Health System,MO,Business Associate,287876,5/5/2020,Hacking/IT Incident,Email,Yes,
"Management and Network Services, LLC",OH,Business Associate,30132,5/4/2020,Hacking/IT Incident,Email,Yes,
Ann & Robert H. Lurie Children's Hospital of Chicago,IL,Healthcare Provider,4824,5/4/2020,Unauthorized Access/Disclosure,Electronic Medical Record,No,
Saint Francis Healthcare Partners,CT,Business Associate,38529,5/4/2020,Hacking/IT Incident,Email,Yes,
Meridian Health Services Corp.,IN,Healthcare Provider,111372,4/27/2020,Hacking/IT Incident,Email,No,
City of Detroit Health Department,MI,Healthcare Provider,1981,4/27/2020,Unauthorized Access/Disclosure,Network Server,No,
Customized Computer Software,TX,Business Associate,500,4/26/2020,Hacking/IT Incident,Laptop,Yes,
United Cerebral Palsy Heartland,MO,Healthcare Provider,518,4/24/2020,Hacking/IT Incident,Email,No,
Ascension Eastwood Clinics ,MI,Healthcare Provider,999,4/23/2020,Unauthorized Access/Disclosure,Email,No,
Agility Center Orthopedics,AR,Healthcare Provider,13968,4/22/2020,Hacking/IT Incident,Email,No,
Hebrew Home of Greater Washington,MD,Healthcare Provider,2550,4/17/2020,Hacking/IT Incident,Email,No,
Beaumont Health,MI,Healthcare Provider,112211,4/17/2020,Hacking/IT Incident,Email,No,
Houston Methodist Hospital,TX,Healthcare Provider,1987,4/17/2020,Theft,Other Portable Electronic Device,No,
"Good Samaritan Hospital, Inc.",CA,Healthcare Provider,233835,4/17/2020,Hacking/IT Incident,Email,No,
John A. Grimaldi DO INC,CA,Healthcare Provider,912,4/16/2020,Unauthorized Access/Disclosure,"Electronic Medical Record, Laptop, Other",No,
Advocate Aurora Health,WI,Healthcare Provider,27137,4/16/2020,Hacking/IT Incident,"Email, Network Server",No,
Hartford HealthCare,CT,Healthcare Provider,2651,4/13/2020,Hacking/IT Incident,Email,No,
Doctors Community Medical Center,MD,Healthcare Provider,18481,4/13/2020,Hacking/IT Incident,Email,No,
Saint Francis Ministries,KS,Healthcare Provider,3680,4/10/2020,Hacking/IT Incident,Email,No,
Corpus Christi Rehabilitation Hospital,TX,Healthcare Provider,507,4/10/2020,Hacking/IT Incident,Email,No,
UPMC Altoona Regional Health Services,PA,Healthcare Provider,13911,4/10/2020,Hacking/IT Incident,Email,No,
"Brandywine Counseling & Community Services, Inc",DE,Healthcare Provider,4262,4/10/2020,Hacking/IT Incident,Network Server,No,
"New Jersey Urology, LLC",NJ,Healthcare Provider,3000,4/6/2020,Hacking/IT Incident,Email,No,
"Child, Family and Community Services, Inc.",CA,Health Plan,1658,4/3/2020,Theft,"Laptop, Other Portable Electronic Device",No,
University of Utah,UT,Healthcare Provider,5000,4/3/2020,Hacking/IT Incident,Email,No,
"Confidio, LLC",MD,Business Associate,3600,3/31/2020,Hacking/IT Incident,Email,Yes,
Washington University School of Medicine,MO,Healthcare Provider,14795,3/31/2020,Hacking/IT Incident,Email,No,
Affordacare Urgent Care Clinics,TX,Healthcare Provider,57411,3/31/2020,Hacking/IT Incident,Network Server,No,
University of Minnesota Physicians,MN,Healthcare Provider,683,3/30/2020,Hacking/IT Incident,Email,No,
Mid-Delaware Imaging,DE,Healthcare Provider,9875,3/30/2020,Unauthorized Access/Disclosure,"Electronic Medical Record, Network Server",No,
"Brandywine Urology Consultants, PA",DE,Healthcare Provider,131825,3/27/2020,Hacking/IT Incident,"Desktop Computer, Email, Laptop, Network Server",No,
"Crossroads Technologies, Inc.",PA,Business Associate,897,3/27/2020,Hacking/IT Incident,Network Server,Yes,
UHHS Samaritan Medical Center,OH,Healthcare Provider,903,3/26/2020,Unauthorized Access/Disclosure,Electronic Medical Record,No,
New Jersey Department of Human Services,NJ,Health Plan,2300,3/25/2020,Hacking/IT Incident,Network Server,No,
"FACKLER FAMILY CHIROPRACTIC, LLC",OH,Healthcare Provider,1731,3/23/2020,Theft,Paper/Films,No,
Health Care Service Corporation,IL,Health Plan,575,3/23/2020,Unauthorized Access/Disclosure,Email,No,
Ambry Genetics Corporation,CA,Healthcare Provider,232772,3/22/2020,Hacking/IT Incident,Email,No,
University of Utah,UT,Healthcare Provider,3670,3/21/2020,Hacking/IT Incident,Email,No,
Otis R. Bowen Center for Human Services,IN,Healthcare Provider,35804,3/20/2020,Hacking/IT Incident,Email,No,
Lakewood Health System,MN,Healthcare Provider,1415,3/16/2020,Hacking/IT Incident,Email,No,
Randleman Eye Center,NC,Healthcare Provider,19556,3/13/2020,Hacking/IT Incident,Network Server,No,
"Foundation Medicine, Inc.",MA,Healthcare Provider,2999,3/13/2020,Hacking/IT Incident,Email,No,
North Texas Institute of Neurology and Headache,TX,Healthcare Provider,500,3/13/2020,Theft,Laptop,Yes,
Northeast Radiology,NY,Healthcare Provider,298532,3/11/2020,Hacking/IT Incident,Network Server,Yes,
The Prudential Insurance Company of America,NJ,Health Plan,1945,3/11/2020,Hacking/IT Incident,Network Server,Yes,
Walgreen Co. ,IL,Healthcare Provider,6681,2/28/2020,Unauthorized Access/Disclosure,Network Server,No,
"Ozark Orthopaedics, PA",AR,Healthcare Provider,15240,2/28/2020,Hacking/IT Incident,Email,No,
"Vail Clinic, Inc. dba Vail Health Hospital ",CO,Healthcare Provider,710,2/27/2020,Unauthorized Access/Disclosure,"Network Server, Other Portable Electronic Device",No,
Fairfield Anesthesia Associates LLC,CT,Healthcare Provider,800,2/27/2020,Unauthorized Access/Disclosure,Desktop Computer,No,
"Interactive Medical Systems, Corp.",NC,Business Associate,15010,2/27/2020,Hacking/IT Incident,Email,Yes,
Munson Healthcare,MI,Healthcare Provider,75202,2/26/2020,Hacking/IT Incident,Email,No,
AFTRA Retirement Fund,NY,Business Associate,57207,2/25/2020,Hacking/IT Incident,Network Server,Yes,
"Government Employees Health Association, Inc.",MO,Health Plan,696,2/22/2020,Unauthorized Access/Disclosure,Paper/Films,No,
Rady Children's Hospital San Diego,CA,Healthcare Provider,2360,2/21/2020,Unauthorized Access/Disclosure,Network Server,No,
"Endeavor Energy Resources, L.P. ",TX,Health Plan,5103,2/20/2020,Hacking/IT Incident,Email,No,
Lake County Health Department,IL,Healthcare Provider,14488,2/19/2020,Unauthorized Access/Disclosure,Email,No,
East House Corporation,NY,Healthcare Provider,737,2/17/2020,Hacking/IT Incident,Email,No,
"Armada Physical Therapy of Albuquerque, LLC",NM,Healthcare Provider,500,2/17/2020,Theft,Desktop Computer,No,
Monroe County Hospital & Clinics,IA,Healthcare Provider,7573,2/17/2020,Hacking/IT Incident,Email,No,
"BST & Co. CPAs, LLP",NY,Business Associate,170000,2/16/2020,Hacking/IT Incident,Network Server,Yes,
"Avalon Health Care Management, Inc.",UT,Business Associate,14500,2/14/2020,Hacking/IT Incident,Email,Yes,
United Regional Health Care System,TX,Healthcare Provider,1893,2/14/2020,Hacking/IT Incident,Email,No,
Tennessee Orthopaedic Alliance ,TN,Healthcare Provider,81146,2/14/2020,Hacking/IT Incident,Email,No,
"Lakewood Resource and Referral Center dba Center for Health Education, Medicine and Dentistry",NJ,Healthcare Provider,12414,2/12/2020,Hacking/IT Incident,Network Server,No,
Shields Health Solutions,MA,Business Associate,1277,2/7/2020,Hacking/IT Incident,Email,Yes,
JDC Healthcare Management,TX,Healthcare Provider,45748,2/7/2020,Hacking/IT Incident,Email,No,
"Vision Care Specialists, P.C. a part of MyEyeDr. Optometry of Colorado, P.C.",VA,Healthcare Provider,1475,2/7/2020,Hacking/IT Incident,Network Server,No,
UnitedHealth Group Health Plan Single Affiliated Covered Entity,MN,Health Plan,3335,2/4/2020,Hacking/IT Incident,Network Server,Yes,
Arizona Pain and Spine Institute,AZ,Healthcare Provider,530,2/3/2020,Theft,Laptop,No,
Hospital Sisters Health System,IL,Healthcare Provider,16167,1/31/2020,Hacking/IT Incident,Email,No,
"Personal Touch Hospice of VA, Inc.",VA,Healthcare Provider,1657,1/28/2020,Hacking/IT Incident,"Network Server, Other",Yes,
"Central Kansas Orthopedic Group, LLC",KS,Healthcare Provider,17214,1/28/2020,Hacking/IT Incident,Network Server,No,
Cedarbrook Senior Care and Rehabilitation / County of Lehigh,PA,Healthcare Provider,688,1/24/2020,Unauthorized Access/Disclosure,Email,No,
Lafayette Regional Rehabilitation Hospital,IN,Healthcare Provider,1360,1/24/2020,Hacking/IT Incident,"Desktop Computer, Email, Other",No,
Village Senior Services Corporation d/b/a VillageCareMAX,NY,Health Plan,2645,1/24/2020,Hacking/IT Incident,"Email, Other",No,
Village Center for Care d/b/a VillageCare Rehabilitative and Nursing Center,NY,Healthcare Provider,674,1/24/2020,Hacking/IT Incident,"Email, Other",No,
"Manchester Ophthalmology, LLC",CT,Healthcare Provider,6846,1/24/2020,Hacking/IT Incident,Network Server,No,
UnitedHealth Group Health Plan Single Affiliated Covered Entity,MN,Health Plan,934,1/22/2020,Unauthorized Access/Disclosure,Paper/Films,Yes,
The Center for Neurological and Neurodevelopmental Health ,NJ,Healthcare Provider,11747,1/21/2020,Hacking/IT Incident,Email,No,
"Solara Medical Supplies, LLC",CA,Healthcare Provider,1531,1/17/2020,Unauthorized Access/Disclosure,Paper/Films,No,
Fondren Orthopedic Group L.L.P.,TX,Healthcare Provider,30049,1/17/2020,Hacking/IT Incident,Network Server,No,
Children's Hope Alliance,NC,Healthcare Provider,4564,1/14/2020,Hacking/IT Incident,Email,No,
PIH Health,CA,Healthcare Provider,199548,1/10/2020,Hacking/IT Incident,Email,No,
Spectrum Healthcare Partners,ME,Healthcare Provider,11308,1/10/2020,Hacking/IT Incident,Email,No,
"Lawrenceville Internal Medicine Assoc, LLC",NJ,Healthcare Provider,8031,1/2/2020,Unauthorized Access/Disclosure,Email,No,
"The Center for Facial Restoration, Inc.",FL,Healthcare Provider,3600,12/26/2019,Hacking/IT Incident,Network Server,No,
"PediHealth, PLLC, dba Children's Choice Pediatrics",TX,Healthcare Provider,12689,12/20/2019,Hacking/IT Incident,Network Server,No,
Roosevelt General Hospital,NM,Healthcare Provider,28847,12/19/2019,Hacking/IT Incident,Network Server,No,
"Texas Family Psychology Associates, P.C.",TX,Healthcare Provider,12000,12/17/2019,Unauthorized Access/Disclosure,Electronic Medical Record,No,
North Ottawa Community Health System,MI,Healthcare Provider,4013,12/16/2019,Unauthorized Access/Disclosure,Electronic Medical Record,No,
"INTEGRIS Health, Inc.",OK,Healthcare Provider,500,12/16/2019,Loss,Other Portable Electronic Device,No,
Sinai Health System,IL,Healthcare Provider,12578,12/13/2019,Hacking/IT Incident,Email,No,
"Marion Eye Center, LTD.",IL,Healthcare Provider,811,12/13/2019,Loss,Paper/Films,No,
Jewish Social Service Agency,MD,Healthcare Provider,3145,12/12/2019,Hacking/IT Incident,Email,No,
Cheyenne Regional Medical Center,WY,Healthcare Provider,17549,12/10/2019,Hacking/IT Incident,Email,No,
Anwan Wellness LLC,GA,Healthcare Provider,530,12/9/2019,Unauthorized Access/Disclosure,Electronic Medical Record,No,
Adventist Health Simi Valley,CA,Healthcare Provider,62000,12/6/2019,Hacking/IT Incident,Email,No,
Children’s Hope Alliance,NC,Healthcare Provider,1002,12/6/2019,Theft,Laptop,No,
Beech Brook,OH,Healthcare Provider,2636,12/6/2019,Hacking/IT Incident,Email,No,
"Speight Family Medical, LLC",TN,Healthcare Provider,2000,12/6/2019,Hacking/IT Incident,Network Server,No,
"Equinox, Inc.",NY,Healthcare Provider,1021,12/6/2019,Hacking/IT Incident,Email,No,
Sunrise Community Health,CO,Healthcare Provider,7668,12/5/2019,Hacking/IT Incident,Email,No,
Walgreen Co.,IL,Healthcare Provider,3700,12/3/2019,Hacking/IT Incident,"Electronic Medical Record, Other",No,
RiverKids Pediatric Home Health,TX,Healthcare Provider,10000,12/2/2019,Hacking/IT Incident,Email,No,
Nebraska Medicine,NE,Healthcare Provider,1149,11/27/2019,Unauthorized Access/Disclosure,Electronic Medical Record,No,
"Ivy Rehab Network, Inc. and its affiliated companies",NY,Healthcare Provider,125000,11/26/2019,Hacking/IT Incident,Email,No,
"Illinois Gastroenterology Group, LLC",IL,Healthcare Provider,1481,11/25/2019,Hacking/IT Incident,Email,No,
Penn-Mar Human Services,MD,Healthcare Provider,536,11/25/2019,Hacking/IT Incident,Email,No,
"GeneDx, Inc. ",NJ,Healthcare Provider,851,11/22/2019,Hacking/IT Incident,"Network Server, Other",Yes,
Southeastern Minnesota Oral & Maxillofacial Surgery,MN,Healthcare Provider,80000,11/22/2019,Hacking/IT Incident,Network Server,No,
"OmniSeq, Inc.",NY,Healthcare Provider,3977,11/21/2019,Hacking/IT Incident,Email,No,
VA St. Louis Health Care System,MO,Healthcare Provider,595,11/21/2019,Unauthorized Access/Disclosure,Paper/Films,No,
Saint Francis Medical Center,MO,Healthcare Provider,107054,11/20/2019,Hacking/IT Incident,"Electronic Medical Record, Network Server",No,
"Human Services, Inc.",PA,Healthcare Provider,1559,11/18/2019,Hacking/IT Incident,Email,No,
"Solara Medical Supplies, LLC",CA,Healthcare Provider,114007,11/13/2019,Hacking/IT Incident,Email,No,
Select Health Network,IN,Business Associate,3582,11/13/2019,Hacking/IT Incident,Email,Yes,
University of North Carolina at Chapel Hill School of Medicine,NC,Healthcare Provider,3716,11/12/2019,Hacking/IT Incident,Email,No,
Outreach Health Services,TX,Healthcare Provider,500,11/8/2019,Hacking/IT Incident,Email,No,
The Brooklyn Hospital Center,NY,Healthcare Provider,26312,11/1/2019,Hacking/IT Incident,Network Server,No,
Washington University School of Medicine,MO,Healthcare Provider,3237,11/1/2019,Unauthorized Access/Disclosure,"Email, Laptop",No,
Betty Jean Kerr People's Health Centers,MO,Healthcare Provider,152000,10/25/2019,Hacking/IT Incident,Network Server,No,
Corpus Christi Tots & Teens Pediatrics,TX,Healthcare Provider,31787,10/24/2019,Hacking/IT Incident,Network Server,No,
PerCSoft,WI,Business Associate,955,10/24/2019,Hacking/IT Incident,Other,Yes,
Kalispell Regional Healthcare,MT,Healthcare Provider,140209,10/22/2019,Hacking/IT Incident,Email,No,
"Buckhead Smile Center, P.C.",GA,Healthcare Provider,1655,10/17/2019,Unauthorized Access/Disclosure,Email,No,
Walmart Inc.,AR,Healthcare Provider,4211,10/17/2019,Loss,Other Portable Electronic Device,No,
LaBorde Therapy Center LLC,LA,Healthcare Provider,7000,10/16/2019,Hacking/IT Incident,Email,No,
Humana Inc ,KY,Health Plan,756,10/2/2019,Unauthorized Access/Disclosure,Email,No,
CHI Health Orthopedics Clinic -Lakeside,NE,Healthcare Provider,48000,9/30/2019,Hacking/IT Incident,"Desktop Computer, Electronic Medical Record, Network Server",No,
Choctaw Nation Health Service Authority,OK,Healthcare Provider,500,9/27/2019,Hacking/IT Incident,Email,No,
Cancer Treatment Centers of America (CTCA) at Southeastern Regional Medical Center,GA,Healthcare Provider,3290,9/27/2019,Hacking/IT Incident,Email,No,
"Women's Care Florida, LLC",FL,Healthcare Provider,528188,9/25/2019,Hacking/IT Incident,Network Server,No,
Magellan Healthcare,MD,Business Associate,55637,9/17/2019,Hacking/IT Incident,Email,Yes,
National Imaging Associates,MD,Business Associate,589,9/17/2019,Hacking/IT Incident,Email,Yes,
Sarrell Dental,AL,Healthcare Provider,391472,9/12/2019,Hacking/IT Incident,Network Server,No,
June E. Nylen Cancer Center,IA,Healthcare Provider,927,9/11/2019,Hacking/IT Incident,Email,No,
Cristo Rey Community Center - Family Health Center,MI,Healthcare Provider,1500,9/10/2019,Hacking/IT Incident,Network Server,No,
Lindner Center of Hope,OH,Healthcare Provider,3537,9/9/2019,Hacking/IT Incident,Email,No,
Berry Family Services,TX,Healthcare Provider,1751,9/8/2019,Hacking/IT Incident,Network Server,No,
Premier Family Medical,UT,Healthcare Provider,320000,9/7/2019,Hacking/IT Incident,Network Server,No,
Shore Specialty Consultants Pulmonology Group,NJ,Healthcare Provider,9700,9/6/2019,Hacking/IT Incident,"Desktop Computer, Network Server",No,
"Fedcap Rehabilitation Services, Inc.",NY,Healthcare Provider,2158,8/29/2019,Hacking/IT Incident,Email,No,
Choctaw Nation Health Services Authority,OK,Healthcare Provider,550,8/23/2019,Hacking/IT Incident,Email,No,
"Navicent Health, Inc. ",GA,Healthcare Provider,1357,8/23/2019,Hacking/IT Incident,Email,No,
Virginia Gay Hospital ,IA,Healthcare Provider,5030,8/16/2019,Hacking/IT Incident,Email,No,
Bayview Dental,MN,Healthcare Provider,1938,8/13/2019,Hacking/IT Incident,Network Server,No,
"Harbor Health Services, Inc.",MA,Healthcare Provider,750,8/9/2019,Hacking/IT Incident,Email,No,
Cancer Center of Kansas,KS,Healthcare Provider,773,8/9/2019,Hacking/IT Incident,Network Server,No,
Enlightened Solutions LLC,NJ,Healthcare Provider,844,8/9/2019,Hacking/IT Incident,Email,No,
"One Care Medical, LLC",VA,Healthcare Provider,634,8/6/2019,Hacking/IT Incident,Desktop Computer,No,
Wisconsin Diagnostic Laboratories,WI,Healthcare Provider,114985,8/2/2019,Hacking/IT Incident,Other,Yes,
University of Missouri Health Care,MO,Healthcare Provider,14402,8/2/2019,Hacking/IT Incident,Email,No,
Presbyterian Healthcare Services,NM,Healthcare Provider,183370,8/2/2019,Hacking/IT Incident,Email,No,
"CompuNet Clinical Laboratories, LLC",OH,Healthcare Provider,111555,7/26/2019,Hacking/IT Incident,Other,Yes,
"Susan Marshall, M.D.,PC",NY,Healthcare Provider,743,7/25/2019,Theft,Laptop,No,
Wayne County Board of Developmental Disabilities,OH,Healthcare Provider,536,7/25/2019,Hacking/IT Incident,Network Server,No,
RCCA MSO LLC,NJ,Business Associate,102000,7/23/2019,Hacking/IT Incident,Email,Yes,
Rockville Eye Surgery Center LLC dba Palisades Eye Surgery Center,MD,Healthcare Provider,2696,7/17/2019,Hacking/IT Incident,Email,No,
Memphis Pathology Laboratory d/b/a American Esoteric Laboratories,TN,Healthcare Provider,409789,7/15/2019,Unauthorized Access/Disclosure,Network Server,No,
CentraCare Health System,MN,Healthcare Provider,2085,7/12/2019,Hacking/IT Incident,Network Server,Yes,
Cancer Treatment Centers of America (CTCA) at Eastern Regional Medical Center,PA,Healthcare Provider,3904,7/12/2019,Hacking/IT Incident,Email,No,
Cancer Treatment Centers of America (CTCA) at Southeastern Regional Medical Center,GA,Healthcare Provider,4559,7/12/2019,Hacking/IT Incident,Email,No,
Ameritas Life Insurance Corp.,NE,Health Plan,39675,7/8/2019,Hacking/IT Incident,Email,No,
"RGH Enterprises, Inc. d/b/a Edgepark Medical Supplies ",OH,Healthcare Provider,6572,7/5/2019,Hacking/IT Incident,Network Server,No,
"Adirondacks ACO, LLC",NY,Business Associate,39649,7/2/2019,Hacking/IT Incident,Email,Yes,
"Optum360, LLC",MN,Business Associate,11500000,7/1/2019,Hacking/IT Incident,Network Server,Yes,
Southwest Gastroenterology,IL,Healthcare Provider,1600,6/28/2019,Theft,Electronic Medical Record,No,
"Dominion Dental Services, Inc., Dominion National Insurance Company, and Dominion Dental Services USA, Inc.",VA,Health Plan,2964778,6/21/2019,Hacking/IT Incident,Network Server,No,
"EyeCare Partners, LLC [on behalf of affiliated covered entities]",MO,Healthcare Provider,141165,6/19/2019,Hacking/IT Incident,Network Server,No,
"TenX Systems, LLC d/b/a ResiDex Software",MN,Business Associate,90000,6/7/2019,Hacking/IT Incident,Network Server,Yes,
"Health Quest Systems, Inc. ",NY,Healthcare Provider,372043,5/31/2019,Hacking/IT Incident,Email,No,
"Broome County, New York",NY,Healthcare Provider,7048,5/31/2019,Hacking/IT Incident,Email,No,
The Union Labor Life Insurance Company,MD,Health Plan,87400,5/31/2019,Hacking/IT Incident,Email,No,
Maranatha Village Inc.,MO,Healthcare Provider,520,5/24/2019,Hacking/IT Incident,Email,No,
"Talley Medical Surgical Eyecare Associates, PC",IN,Healthcare Provider,106000,5/24/2019,Unauthorized Access/Disclosure,"Desktop Computer, Electronic Medical Record, Email, Laptop, Network Server",No,
Mercy Health Saint Mary's,MI,Healthcare Provider,978,5/24/2019,Hacking/IT Incident,Network Server,No,
